001,003,005,020,040,090,092,100,245,264,300,520,590,920,923,LDR
\\,\\,\\,\\$a0674994787,\\$aMePoLT $cMePoLT $erda,\4$aLOEB-PA 6121 .A4 1935 v.2,\4$a808,"1\$aPoets, Minor Latin.","10$aMinor Latin Poets, Volume II: Florus. Hadrian. Nemesianus. Reposianus. Tiberianus. Dicta Catonis. Phoenix. Avianus. Rutilius Namatianus. Others (Loeb Classical Library).","\1$bLoeb Classical Library, $c1934.",\\$a432  p.,"\\$aMinor Latin Poets, Volume II: Florus. Hadrian. Nemesianus. Reposianus. Tiberianus. Dicta Catonis. Phoenix. Avianus. Rutilius Namatianus. Others (Loeb Classical Library) by Minor Latin Poets (1934)",,\\$aLoeb,\\$aYour library,00776     2200193 i 4500
\\,\\,\\,\\$a0674993241,\\$aMePoLT $cMePoLT $erda,\4$aLOEB-PA 6121 .A1 1935 v.1,\4$a180,1\$aEnnius.,"10$aRemains of Old Latin, Volume I (Loeb Classical Library No. 294).","\1$aLoeb Classical Library (1935), Edition $b Revised, Hardcover, 640 pages, $c1935.",\\$a640  p.,"\\$aRemains of Old Latin, Volume I (Loeb Classical Library No. 294) by Ennius (1935)",,\\$aLoeb,\\$aYour library,00591     2200193 i 4500
\\,\\,\\,\\$a0674990498,\\$aMePoLT $cMePoLT $erda,\4$aLOEB-PA 6220 .M3 1989 v.1,\4$a873.01,1\$aApuleius.,"10$aMetamorphoses (The Golden Ass), Volume I: Books 1-6 (Loeb Classical Library).","\1$aLoeb Classical Library (1996), Edition $b Revised, Hardcover, 336 pages, $c1996.",\\$a336  p.,"\\$aMetamorphoses (The Golden Ass), Volume I: Books 1-6 (Loeb Classical Library) by Apuleius (1996)",,\\$aLoeb,\\$aYour library,00624     2200193 i 4500
\\,\\,\\,\\$a0674994981,\\$aMePoLT $cMePoLT $erda,\4$aLOEB-PA 6220 .M3 1989 v.2,\4$a873.01,1\$aApuleius.,"10$aApuleius: Metamorphoses (The Golden Ass), Volume II, Books 7-11 (Loeb Classical Library No. 453).","\1$aLoeb Classical Library (1989), Edition $b Revised, Hardcover, 320 pages, $c1989.",\\$a320  p.,"\\$aApuleius: Metamorphoses (The Golden Ass), Volume II, Books 7-11 (Loeb Classical Library No. 453) by Apuleius (1989)",,\\$aLoeb,\\$aYour library,00664     2200193 i 4500
\\,\\,\\,\\$a0674994531,\\$aMePoLT $cMePoLT $erda,\4$aLOEB-PA 622.5 .A9 1957 v.2,\4$a239.3,1\$aAugustine.,"10$aAugustine: City of God, Volume II, Books 4-7 (Loeb Classical Library No. 412) (Bks.IV-VII v. 2).","\1$aLoeb Classical Library (1963), Edition $b abridged edition, Hardcover, 544 pages, $c1963.",\\$a544  p.,"\\$aAugustine: City of God, Volume II, Books 4-7 (Loeb Classical Library No. 412) (Bks.IV-VII v. 2) by Augustine (1963)",,\\$aLoeb,\\$aYour library,00673     2200193 i 4500
\\,\\,\\,\\$a0674994566,\\$aMePoLT $cMePoLT $erda,\4$aLOEB-PA 622.5 .A9 1957 v.4,\4$a239.3,1\$aAugustine.,"10$aAugustine: City of God, Volume IV, Books 12-15 (Loeb Classical Library No. 414) (Bks.XII-XV v. 4).","\1$aLoeb Classical Library (1966), Edition $b abridged edition, Hardcover, 592 pages, $c1966.",\\$a592  p.,"\\$aAugustine: City of God, Volume IV, Books 12-15 (Loeb Classical Library No. 414) (Bks.XII-XV v. 4) by Augustine (1966)",,\\$aLoeb,\\$aYour library,00677     2200193 i 4500
\\,\\,\\,\\$a0674994590,\\$aMePoLT $cMePoLT $erda,\4$aLOEB-PA 622.5 .A9 1957 v.7,\4$a189,1\$aAugustine.,"10$aAugustine: City of God, Volume VII, Books 21-22 (Loeb Classical Library No. 417) (Bks.XXI-XXII v. 7).","\1$aLoeb Classical Library (1972), Edition $b abridged edition, Hardcover, 480 pages, $c1972.",\\$a461  p.,"\\$aAugustine: City of God, Volume VII, Books 21-22 (Loeb Classical Library No. 417) (Bks.XXI-XXII v. 7) by Augustine (1972)",,\\$aLoeb,\\$aYour library,00681     2200193 i 4500
\\,\\,\\,,\\$aMePoLT $cMePoLT $erda,\4$aLOEB-PA 6221 .A2 1919 v.1,,"1\$aWhite, translator Ausonius. Hugh G. Evelyn.",10$aAusonius. Volume I.,"\1$bHarvard University Press, $c1988.",,\\$aAusonius. Volume I by translator Ausonius. Hugh G. Evelyn White (1988),,\\$aLoeb,\\$aYour library,00455     2200157 i 4500
\\,\\,\\,,\\$aMePoLT $cMePoLT $erda,\4$aLOEB-PA 6229 .B4 1930,\4$a870,"1\$aKing, Bede. Translated By J.E.","10$aBede: Historical Works, Volume I and II. Opera Historica. Loeb Classical Library.","\1$bHarvard University Press, $c1954.",,"\\$aBede: Historical Works, Volume I and II. Opera Historica. Loeb Classical Library by Bede. Translated By J.E. King (1954)",,\\$aLoeb $a2 vols,\\$aYour library,00578     2200169 i 4500
\\,\\,\\,\\$a0674990838,\\$aMePoLT $cMePoLT $erda,\4$aLOEB-PA 6231 .C8 1973,\4$a180,1\$aBoethius.,10$aBoethius: Theological Tractates. The Consolation of Philosophy (Loeb Classical Library).,"\1$aLoeb Classical Library (1973), Edition $b Reprint, Hardcover, 464 pages, $c1973.",\\$a464  p.,\\$aBoethius: Theological Tractates. The Consolation of Philosophy (Loeb Classical Library) by Boethius (1973),,\\$aLoeb,\\$aYour library,00639     2200193 i 4500
\\,\\,\\,\\$a0674990439,\\$aMePoLT $cMePoLT $erda,\4$aLOEB-PA 6235 .A2 1914 v.2,\4$a937,1\$aCaesar.,10$aCivil Wars (Loeb Classical Library).,"\1$aLoeb Classical Library (1914), Edition $b Reprint, Hardcover, 400 pages, $c1914.",\\$a400  p.,\\$aCivil Wars (Loeb Classical Library) by Caesar (1914),,\\$aLoeb,\\$aYour library,00535     2200193 i 4500
\\,\\,\\,\\$a0674990072,\\$aMePoLT $cMePoLT $erda,\4$aLOEB-PA 6274 .A2 1988,\4$a871.0108,"1\$aCatullus, Gaius Valerius.","10$aCatullus, Tibullus, Pervigilium Veneris (Loeb Classical Library No. 6).","\1$aLoeb Classical Library (1913), Edition $b Revised, Hardcover, 376 pages, $c1913.",\\$a376  p.,"\\$aCatullus, Tibullus, Pervigilium Veneris (Loeb Classical Library No. 6) by Gaius Valerius Catullus (1913)",,\\$aLoeb,\\$aYour library,00641     2200193 i 4500
\\,\\,\\,\\$a0674996348,\\$aMePoLT $cMePoLT $erda,\4$aLOEB-PA 6278 .A2 v.15A 2009,\4$a808,"1\$aCicero, Marcus Tullius.","10$aCicero, XVa, Orations: Philippics 1-6 (Loeb Classical Library).","\1$bLoeb Classical Library, $c2010.",\\$a400  p.,"\\$aCicero, XVa, Orations: Philippics 1-6 (Loeb Classical Library) by Marcus Tullius Cicero (2010)",,\\$aLoeb,\\$aYour library,00574     2200193 i 4500
\\,\\,\\,\\$a0674996356,\\$aMePoLT $cMePoLT $erda,\4$aLOEB-PA 6278 .A2 v.15B 2009,\4$a808,"1\$aCicero, Marcus Tullius.","10$aCicero, XVb, Orations: Philippics 7-14 (Loeb Classical Library).","\1$bLoeb Classical Library, $c2010.",\\$a384  p.,"\\$aCicero, XVb, Orations: Philippics 7-14 (Loeb Classical Library) by Marcus Tullius Cicero (2010)",,\\$aLoeb,\\$aYour library,00576     2200193 i 4500
\\,\\,\\,\\$a0674993411,\\$aMePoLT $cMePoLT $erda,\4$aLOEB-PA 6278 .A2 v.12 1958,\4$a937.050924,"1\$aCicero, Marcus Tullius.",10$aCicero: Pro Sestio. In Vatinium. B. Orations (Loeb Classical Library No. 309).,"\1$aLoeb Classical Library (1958), Edition $b Revised, Hardcover, 400 pages, $c1958.",\\$a400  p.,\\$aCicero: Pro Sestio. In Vatinium. B. Orations (Loeb Classical Library No. 309) by Marcus Tullius Cicero (1958),,\\$aLoeb,\\$aYour library,00658     2200193 i 4500
\\,\\,\\,\\$a0674993772,\\$aMePoLT $cMePoLT $erda,\4$aLOEB-PA 6278 .A2 v.5 1962,\4$a937.050924,"1\$aCicero, Marcus Tullius.","10$aCicero: Brutus, Orator; Volume V (Loeb Classical Library No. 342).","\1$aLoeb Classical Library (1939), Edition $b Reprint., Hardcover, 544 pages, $c1939.",\\$a544  p.,"\\$aCicero: Brutus, Orator; Volume V (Loeb Classical Library No. 342) by Marcus Tullius Cicero (1939)",,\\$aLoeb,\\$aYour library,00634     2200193 i 4500
\\,\\,\\,\\$a0674991702,\\$aMePoLT $cMePoLT $erda,\4$aLOEB-PA 6278 .A2 v.20 1923,\4$a937.050924,"1\$aFalconer, William Armistead, Tr. Cicero.","10$aCicero. De Senectute, De Amicitia, De Divinatione. With an English Translation By William Armstead Falconer.","\1$aHarvard Univ Pr (1923), Edition $b Loeb Library Edition, Hardcover, $c1923.",\\$a576  p.,"\\$aCicero. De Senectute, De Amicitia, De Divinatione. With an English Translation By William Armstead Falconer by William Armistead Falconer, Tr. Cicero. (1923)",,\\$aLoeb $a2 copies,\\$aYour library,00758     2200193 i 4500
\\,\\,\\,\\$a0674990447,\\$aMePoLT $cMePoLT $erda,\4$aLOEB-PA 6278 .A2 v.17 1931,\4$a937.050924,"1\$aCicero, Marcus Tullius.",10$aCicero:On Ends (Loeb Classical Library).,"\1$aLoeb Classical Library (1914), Edition $b Revised, Hardcover, 544 pages, $c1914.",\\$a544  p.,\\$aCicero:On Ends (Loeb Classical Library) by Marcus Tullius Cicero (1914),,\\$aLoeb,\\$aYour library,00582     2200193 i 4500
\\,\\,\\,\\$a0674995724,\\$aMePoLT $cMePoLT $erda,\4$aLOEB-PA 6278 .A2 v.23 1999,\4$a937.05092,"1\$aCicero, Marcus Tullius.","10$aCicero: Letters to Atticus, II, 90-165A (Loeb Classical Library No. 8).","\1$bLoeb Classical Library, $c1999.",\\$a352  p.,"\\$aCicero: Letters to Atticus, II, 90-165A (Loeb Classical Library No. 8) by Marcus Tullius Cicero (1999)",,\\$aLoeb,\\$aYour library,00595     2200193 i 4500
\\,\\,\\,\\$a0674995732,\\$aMePoLT $cMePoLT $erda,\4$aLOEB-PA 6278 .A2 v.24 1999,\4$a937.05092,"1\$aCicero, Marcus Tullius.","10$aCicero: Letters to Atticus, III, 166-281 (Loeb Classical Library 97).","\1$bLoeb Classical Library, $c1999.",\\$a352  p.,"\\$aCicero: Letters to Atticus, III, 166-281 (Loeb Classical Library 97) by Marcus Tullius Cicero (1999)",,\\$aLoeb,\\$aYour library,00591     2200193 i 4500
\\,\\,\\,\\$a0674995899,\\$aMePoLT $cMePoLT $erda,\4$aLOEB-PA 6278 .A2 v.26 2001,\4$a937.05092,"1\$aCicero, Marcus Tullius.","10$aCicero: Letters to Friends, Volume II, 114-280 (Loeb Classical Library No. 216).","\1$bLoeb Classical Library, $c2001.",\\$a496  p.,"\\$aCicero: Letters to Friends, Volume II, 114-280 (Loeb Classical Library No. 216) by Marcus Tullius Cicero (2001)",,\\$aLoeb,\\$aYour library,00613     2200193 i 4500
\\,\\,\\,\\$a0674995902,\\$aMePoLT $cMePoLT $erda,\4$aLOEB-PA 6278 .A2 v.27 2001,\4$a937.05092,"1\$aCicero, Marcus Tullius.","10$aLetters to Friends, Volume III, 281-435 (Loeb Classical Library No. 230).","\1$bLoeb Classical Library, $c2001.",\\$a496  p.,"\\$aLetters to Friends, Volume III, 281-435 (Loeb Classical Library No. 230) by Marcus Tullius Cicero (2001)",,\\$aLoeb,\\$aYour library,00599     2200193 i 4500
\\,\\,\\,\\$a0674991508,\\$aMePoLT $cMePoLT $erda,\4$aLOEB-PA 6372 .A2 1963 v.1,\4$a938,1\$aClaudian.,10$aClaudian: Volume I (Loeb Classical Library No. 135).,"\1$bLoeb Classical Library, $c1922.",\\$a432  p.,\\$aClaudian: Volume I (Loeb Classical Library No. 135) by Claudian (1922),,\\$aLoeb,\\$aYour library,00523     2200193 i 4500
\\,\\,\\,\\$a0674991516,\\$aMePoLT $cMePoLT $erda,\4$aLOEB-PA 6372 .A2 1963 v.2,\4$a938,1\$aClaudian.,10$aClaudian: Volume II (Loeb Classical Library No. 136).,"\1$bLoeb Classical Library, $c1922.",\\$a432  p.,\\$aClaudian: Volume II (Loeb Classical Library No. 136) by Claudian (1922),,\\$aLoeb,\\$aYour library,00525     2200193 i 4500
\\,\\,\\,\\$a0674994493,\\$aMePoLT $cMePoLT $erda,\4$aLOEB-PA 6375 .C6 1941 v.3,\4$a630,1\$aColumella.,"10$aColumella: On Agriculture, Volume III, Books 10-12. On Trees (Loeb Classical Library No. 408).","\1$aLoeb Classical Library (1955), Edition $b Revised, Hardcover, 448 pages, $c1955.",\\$a448  p.,"\\$aColumella: On Agriculture, Volume III, Books 10-12. On Trees (Loeb Classical Library No. 408) by Columella (1955)",,\\$aLoeb,\\$aYour library,00657     2200193 i 4500
\\,\\,\\,\\$a0674991923,\\$aMePoLT $cMePoLT $erda,\4$aLOEB-PA 6389 .F4 1925,\4$a937,1\$aFrontinus.,10$aFrontinus: Stratagems. Aqueducts of Rome. (Loeb Classical Library No. 174).,"\1$bLoeb Classical Library, $c1925.",\\$a544  p.,\\$aFrontinus: Stratagems. Aqueducts of Rome. (Loeb Classical Library No. 174) by Frontinus (1925),,\\$aLoeb,\\$aYour library,00567     2200193 i 4500
\\,\\,\\,\\$a0674991257,\\$aMePoLT $cMePoLT $erda,\4$aLOEB-PA 6389 .F6 1919 v.2,\4$a937,1\$aFronto.,"10$aMarcus Cornelius Fronto: Correspondence, II (Loeb Classical Library No. 113).","\1$bLoeb Classical Library, $c1920.",\\$a384  p.,"\\$aMarcus Cornelius Fronto: Correspondence, II (Loeb Classical Library No. 113) by Fronto (1920)",,\\$aLoeb,\\$aYour library,00569     2200193 i 4500
\\,\\,\\,\\$a0674992202,\\$aMePoLT $cMePoLT $erda,\4$aLOEB-PA 6390 .A2 1946 v.2,\4$a878.01,1\$aGellius.,"10$aAulus Gellius: Attic Nights, Volume II, Books 6-13 (Loeb Classical Library No. 200).","\1$bLoeb Classical Library, $c1927.",\\$a576  p.,"\\$aAulus Gellius: Attic Nights, Volume II, Books 6-13 (Loeb Classical Library No. 200) by Gellius (1927)",,\\$aLoeb,\\$aYour library,00588     2200193 i 4500
\\,\\,\\,\\$a0674992148,\\$aMePoLT $cMePoLT $erda,\4$aLOEB-PA 6393 .S2 1929,\4$a874.01,1\$aHorace.,"10$aHorace: Satires, Epistles and Ars Poetica (Loeb Classical Library No. 194) (English and Latin Edition).","\1$aLoeb Classical Library (1929), Edition $b Revised, Hardcover, 544 pages, $c1929.",\\$a544  p.,"\\$aHorace: Satires, Epistles and Ars Poetica (Loeb Classical Library No. 194) (English and Latin Edition) by Horace (1929)",,\\$aLoeb,\\$aYour library,00668     2200193 i 4500
\\,\\,\\,,\\$aMePoLT $cMePoLT $erda,\4$aLOEB-PA 6393 .C2 1978,\4$a874.01,"1\$aBennett, Horace /.",10$aHorace: The Odes and Epodes.,"\1$bHeinemann London / Harvard, $c1951.",,\\$aHorace: The Odes and Epodes by Horace / Bennett (1951),,,\\$aYour library,00423     2200157 i 4500
\\,\\,\\,\\$a0674992881,\\$aMePoLT $cMePoLT $erda,\4$aLOEB-PA 6445 .J1 1933,\4$a270.2092,1\$aJerome.,10$aJerome: Select Letters (Loeb Classical Library No. 262).,"\1$bLoeb Classical Library, $c1933.",\\$a528  p.,\\$aJerome: Select Letters (Loeb Classical Library No. 262) by Jerome (1933),,\\$aLoeb,\\$aYour library,00528     2200193 i 4500
\\,\\,\\,\\$a0674993926,\\$aMePoLT $cMePoLT $erda,\4$aLOEB-PA 6452 .A2 1919 v.6,\4$a937,1\$aLivy.,"10$aLivy: History of Rome, Volume VI, Books 23-25 (Loeb Classical Library No. 355) (Bks. 1-45, v. 6).","\1$bLoeb Classical Library, $c1940.",\\$a544  p.,"\\$aLivy: History of Rome, Volume VI, Books 23-25 (Loeb Classical Library No. 355) (Bks. 1-45, v. 6) by Livy (1940)",,\\$aLoeb,\\$aYour library,00605     2200193 i 4500
\\,\\,\\,\\$a0674993462,\\$aMePoLT $cMePoLT $erda,\4$aLOEB-PA 6452 .A2 1919 v.11,\4$a937,1\$aLivy.,"10$aLivy: History of Rome, Volume XI, Books 38-39 (Loeb Classical Library No. 313) (Bks. 1-45, v. 11).","\1$bLoeb Classical Library, $c1936.",\\$a432  p.,"\\$aLivy: History of Rome, Volume XI, Books 38-39 (Loeb Classical Library No. 313) (Bks. 1-45, v. 11) by Livy (1936)",,\\$aLoeb,\\$aYour library,00608     2200193 i 4500
\\,\\,\\,\\$a0674994191,\\$aMePoLT $cMePoLT $erda,\4$aLOEB-PA 6452 .A2 1919 v.8,\4$a152,1\$aLivy.,"10$aLivy: History of Rome, Volume VIII, Books 28-30 (Loeb Classical Library No. 381).","\1$bLoeb Classical Library, $c1949.",\\$a592  p.,"\\$aLivy: History of Rome, Volume VIII, Books 28-30 (Loeb Classical Library No. 381) by Livy (1949)",,\\$aLoeb,\\$aYour library,00573     2200193 i 4500
\\,\\,\\,\\$a0674993268,\\$aMePoLT $cMePoLT $erda,\4$aLOEB-PA 6452 .A2 1919 v.9,\4$a937,1\$aLivy.,"10$aLivy: History of Rome, Volume IX, Books 31-34 (Loeb Classical Library No. 295).","\1$bLoeb Classical Library, $c1935.",\\$a624  p.,"\\$aLivy: History of Rome, Volume IX, Books 31-34 (Loeb Classical Library No. 295) by Livy (1935)",,\\$aLoeb,\\$aYour library,00569     2200193 i 4500
\\,\\,\\,\\$a0674992105,\\$aMePoLT $cMePoLT $erda,\4$aLOEB-PA 6452 .A2 1919 v.4,\4$a937,1\$aLivy.,"10$aLivy: History of Rome, Volume IV, Books 8-10 (Loeb Classical Library No. 191).","\1$bLoeb Classical Library, $c1926.",\\$a592  p.,"\\$aLivy: History of Rome, Volume IV, Books 8-10 (Loeb Classical Library No. 191) by Livy (1926)",,\\$aLoeb,\\$aYour library,00567     2200193 i 4500
\\,\\,\\,\\$a0674994450,\\$aMePoLT $cMePoLT $erda,\4$aLOEB-PA 6452 .A2 1919 v.14,\4$a937,1\$aLivy.,"10$aLivy: History of Rome, Volume XIV, Summaries. Fragments. Julius Obsequens. General Index (Loeb Classical Library No. 404).","\1$bLoeb Classical Library, $c1959.",\\$a592  p.,"\\$aLivy: History of Rome, Volume XIV, Summaries. Fragments. Julius Obsequens. General Index (Loeb Classical Library No. 404) by Livy (1959)",,\\$aLoeb,\\$aYour library,00656     2200193 i 4500
\\,\\,\\,\\$a0674991486,\\$aMePoLT $cMePoLT $erda,\4$aLOEB-PA 6452 .A2 1919 v.2,\4$a937,1\$aLivy.,"10$aHistory of Rome, II: Books 3-4 (Loeb Classical Library).","\1$bLoeb Classical Library, $c1922.",\\$a480  p.,"\\$aHistory of Rome, II: Books 3-4 (Loeb Classical Library) by Livy (1922)",,\\$aLoeb,\\$aYour library,00523     2200193 i 4500
\\,\\,\\,\\$a0674995163,\\$aMePoLT $cMePoLT $erda,\4$aLOEB-PA 6500 .M4 1992,\4$a133.50937,1\$aManilius.,10$aManilius: Astronomica (Loeb Classical Library No. 469) (English and Latin Edition).,"\1$bHarvard University Press, $c1977.",\\$a528  p.,\\$aManilius: Astronomica (Loeb Classical Library No. 469) (English and Latin Edition) by Manilius (1977),,\\$aLoeb,\\$aYour library,00589     2200193 i 4500
\\,\\,\\,\\$a0674995554,\\$aMePoLT $cMePoLT $erda,\4$aLOEB-PA 6501 .A2 1993 v.1,\4$a878.0102,1\$aMartial.,"10$aEpigrams, Volume I: Spectacles, Books 1-5 (Loeb Classical Library).","\1$bLoeb Classical Library, $c1993.",\\$a416  p.,"\\$aEpigrams, Volume I: Spectacles, Books 1-5 (Loeb Classical Library) by Martial (1993)",,\\$aLoeb,\\$aYour library,00556     2200193 i 4500
\\,\\,\\,\\$a0674995295,\\$aMePoLT $cMePoLT $erda,\4$aLOEB-PA 6501 .A2 1993 v.3,\4$a878.0102,1\$aMartial.,"10$aMartial: Epigrams, Volume III, Books 11-14. (Loeb Classical Library No. 480).","\1$bLoeb Classical Library, $c1993.",\\$a416  p.,"\\$aMartial: Epigrams, Volume III, Books 11-14. (Loeb Classical Library No. 480) by Martial (1993)",,\\$aLoeb,\\$aYour library,00576     2200193 i 4500
\\,\\,\\,\\$a0674992792,\\$aMePoLT $cMePoLT $erda,\4$aLOEB-PA 6519 .A2 1977 v.5,\4$a871.01,1\$aOvid.,10$aOvid: Fasti (Loeb Classical Library No. 253) (English and Latin Edition).,"\1$aHarvard University Press (1989), Edition $b 2nd, Hardcover, 496 pages, $c1989.",\\$a496  p.,\\$aOvid: Fasti (Loeb Classical Library No. 253) (English and Latin Edition) by Ovid (1989),,\\$aLoeb,\\$aYour library,00606     2200193 i 4500
\\,\\,\\,\\$a0674990471,\\$aMePoLT $cMePoLT $erda,\4$aLOEB-PA 6519 .A2 1977 v.4,\4$a871.01,1\$aOvid.,"10$aOvid IV: Metamorphoses, Books IX-XV (Loeb Classical Library, No. 43).","\1$aLoeb Classical Library (1916), Edition $b 2 Sub, Hardcover, 512 pages, $c1916.",\\$a512  p.,"\\$aOvid IV: Metamorphoses, Books IX-XV (Loeb Classical Library, No. 43) by Ovid (1916)",,\\$aLoeb,\\$aYour library,00598     2200193 i 4500
\\,\\,\\,\\$a0674991672,\\$aMePoLT $cMePoLT $erda,\4$aLOEB-PA 6519 .A2 1977 v.6,\4$a871.01,1\$aOvid.,"10$aOvid: Tristia. Ex Ponto. (Loeb Classical Library, No. 151) (English and Latin Edition) (Vol 6).","\1$bHardvard University Press, $c1924.",\\$a560  p.,"\\$aOvid: Tristia. Ex Ponto. (Loeb Classical Library, No. 151) (English and Latin Edition) (Vol 6) by Ovid (1924)",,\\$aLoeb,\\$aYour library,00607     2200193 i 4500
\\,\\,\\,\\$a0674990676,\\$aMePoLT $cMePoLT $erda,\4$aLOEB-PA 6568 .A2 1916 v.1,\4$a872.01,1\$aPlautus.,10$aAmphitryon. The Comedy of Asses. The Pot of Gold. The Two Bacchises. The Captives (Loeb Classical Library) (English and Latin Edition) (Volume I).,"\1$bHarvard University Press, $c1916.",\\$a592  p.,\\$aAmphitryon. The Comedy of Asses. The Pot of Gold. The Two Bacchises. The Captives (Loeb Classical Library) (English and Latin Edition) (Volume I) by Plautus (1916),,\\$aLoeb,\\$aYour library,00714     2200193 i 4500
\\,\\,\\,,\\$aMePoLT $cMePoLT $erda,\4$aLOEB-PA 6568 .A2 1916 v.3,\4$a872.01,"1\$aNixon, Paul.",10$aPlautus III: The Merchant. The Braggart Warrior. The Haunted House. The Persian. (Loeb Classical Library).,"\1$aHarvard University Press (1995), Edition $b 163, Hardcover, $c1995.",,\\$aPlautus III: The Merchant. The Braggart Warrior. The Haunted House. The Persian. (Loeb Classical Library) by Paul Nixon (1995),,\\$aLoeb,\\$aYour library,00623     2200169 i 4500
\\,\\,\\,\\$a0674992865,\\$aMePoLT $cMePoLT $erda,\4$aLOEB-PA 6568 .A2 1916 v.4,\4$a872.01,1\$aPlautus.,10$aPlautus: The Little Carthaginian.Pseudolus. The Rope. (Loeb Classical Library No. 260).,"\1$bLoeb Classical Library, $c1932.",\\$a448  p.,\\$aPlautus: The Little Carthaginian.Pseudolus. The Rope. (Loeb Classical Library No. 260) by Plautus (1932),,\\$aLoeb $a2 copies,\\$aYour library,00604     2200193 i 4500
\\,\\,\\,\\$a0674990668,\\$aMePoLT $cMePoLT $erda,\4$aLOEB-PA 6638 .A2 1969 v.2,\4$a372,"1\$aYounger, Pliny the.","10$aLetters, Volume II: Books 8-10. Panegyricus (Loeb Classical Library).","\1$bLoeb Classical Library, $c1969.",\\$a586  p.,"\\$aLetters, Volume II: Books 8-10. Panegyricus (Loeb Classical Library) by Pliny the Younger (1969)",,\\$aLoeb,\\$aYour library,00576     2200193 i 4500
\\,\\,\\,\\$a0674994086,\\$aMePoLT $cMePoLT $erda,\4$aLOEB-PA 6611 .A2 1940 v.4,\4$a508,1\$aPliny.,"10$aPliny: Natural History, Volume IV, Books 12-16 (Loeb Classical Library No. 370) (Bks.XII-XVI v. 4).","\1$bLoeb Classical Library, $c1945.",\\$a576  p.,"\\$aPliny: Natural History, Volume IV, Books 12-16 (Loeb Classical Library No. 370) (Bks.XII-XVI v. 4) by Pliny (1945)",,\\$aLoeb,\\$aYour library,00611     2200193 i 4500
\\,\\,\\,\\$a0674994310,\\$aMePoLT $cMePoLT $erda,\4$aLOEB-PA 6611 .A2 1940 v.6,\4$a508,1\$aPliny.,"10$aPliny: Natural History, Volume VI, Books 20-23. (Loeb Classical Library No. 392).","\1$bLoeb Classical Library, $c1951.",\\$a560  p.,"\\$aPliny: Natural History, Volume VI, Books 20-23. (Loeb Classical Library No. 392) by Pliny (1951)",,\\$aLoeb,\\$aYour library,00575     2200193 i 4500
\\,\\,\\,\\$a0674994329,\\$aMePoLT $cMePoLT $erda,\4$aLOEB-PA 6611 .A2 1940 v.7,\4$a508,1\$aPliny.,"10$aPliny: Natural History, Volume VII, Books 24-27. Index of Plants. (Loeb Classical Library No. 393).","\1$bLoeb Classical Library, $c1956.",\\$a576  p.,"\\$aPliny: Natural History, Volume VII, Books 24-27. Index of Plants. (Loeb Classical Library No. 393) by Pliny (1956)",,\\$aLoeb,\\$aYour library,00611     2200193 i 4500
\\,\\,\\,\\$a0674994337,\\$aMePoLT $cMePoLT $erda,\4$aLOEB-PA 6611 .A2 1940 v.9,\4$a920,1\$aPliny.,"10$aPliny: Natural History, Volume IX, Books 33-35. (Loeb Classical Library No. 394).","\1$bLoeb Classical Library, $c1952.",\\$a432  p.,"\\$aPliny: Natural History, Volume IX, Books 33-35. (Loeb Classical Library No. 394) by Pliny (1952)",,\\$aLoeb,\\$aYour library,00575     2200193 i 4500
\\,\\,\\,\\$a0674994264,\\$aMePoLT $cMePoLT $erda,\4$aLOEB-PA 6648 .P6 1949 v.1,\4$a937,1\$aPrudentius.,"10$aPrudentius, Volume 1.","\1$bLoeb Classical Library, $c1949.",\\$a432  p.,"\\$aPrudentius, Volume 1 by Prudentius (1949)",,\\$aLoeb,\\$aYour library,00465     2200193 i 4500
\\,\\,\\,\\$a0674995910,\\$aMePoLT $cMePoLT $erda,\4$aLOEB-PA 6649 .A2 2001 v.1,\4$a808.51,1\$aQuintilian.,"10$aThe Orator's Education, Volume I: Books 1-2 (Loeb Classical Library) (v. 1, Bk. 1-2).","\1$bLoeb Classical Library, $c2002.",\\$a448  p.,"\\$aThe Orator's Education, Volume I: Books 1-2 (Loeb Classical Library) (v. 1, Bk. 1-2) by Quintilian (2002)",,\\$aLoeb,\\$aYour library,00596     2200193 i 4500
\\,\\,\\,\\$a0674995937,\\$aMePoLT $cMePoLT $erda,\4$aLOEB-PA 6649 .A2 2001 v.3,\4$a808.51,1\$aQuintilian.,"10$aQuintilian: The Orator's Education, III, Books 6-8 (Loeb Classical Library No. 126).","\1$bLoeb Classical Library, $c2002.",\\$a512  p.,"\\$aQuintilian: The Orator's Education, III, Books 6-8 (Loeb Classical Library No. 126) by Quintilian (2002)",,\\$aLoeb,\\$aYour library,00594     2200193 i 4500
\\,\\,\\,\\$a0674995945,\\$aMePoLT $cMePoLT $erda,\4$aLOEB-PA 6649 .A2 2001 v.4,\4$a808.51,1\$aQuintilian.,"10$aQuintilian: The Orator's Education, IV, Books 9-10 (Loeb Classical Library No. 127).","\1$aLoeb Classical Library (2002), Edition $b Revised, Hardcover, 432 pages, $c2002.",\\$a432  p.,"\\$aQuintilian: The Orator's Education, IV, Books 9-10 (Loeb Classical Library No. 127) by Quintilian (2002)",,\\$aLoeb,\\$aYour library,00642     2200193 i 4500
\\,\\,\\,\\$a0674996194,\\$aMePoLT $cMePoLT $erda,\4$aLOEB-PA 6649 .D5 2006 v.2,\4$a875.01,1\$aQuintilian.,10$aThe Lesser Declamations II (Loeb Classical Library No. 501).,"\1$bLoeb Classical Library, $c2006.",\\$a464  p.,\\$aThe Lesser Declamations II (Loeb Classical Library No. 501) by Quintilian (2006),,\\$aLoeb,\\$aYour library,00546     2200193 i 4500
\\,\\,\\,\\$a0674994051,\\$aMePoLT $cMePoLT $erda,\4$aLOEB-PA 6376 .A2 1946 v.1,\4$a938,"1\$aCurtius, Quintus.","10$aQuintus Curtius: History of Alexander, Volume I, Books 1-5 (Loeb Classical Library No. 368).","\1$bLoeb Classical Library, $c1946.",\\$a464  p.,"\\$aQuintus Curtius: History of Alexander, Volume I, Books 1-5 (Loeb Classical Library No. 368) by Quintus Curtius (1946)",,\\$aLoeb,\\$aYour library,00618     2200193 i 4500
\\,\\,\\,\\$a0674995104,\\$aMePoLT $cMePoLT $erda,\4$aLOEB-PA 6659 .A2 1974 v.1,\4$a080,"1\$aElder, Seneca the.","10$aSeneca the Elder: Declamations, Volume I, Controversiae, Books 1-6. (Loeb Classical Library No. 463.","\1$bLoeb Classical Library, $c1974.",\\$a560  p.,"\\$aSeneca the Elder: Declamations, Volume I, Controversiae, Books 1-6. (Loeb Classical Library No. 463 by Seneca the Elder (1974)",,\\$aLoeb,\\$aYour library,00636     2200193 i 4500
\\,\\,\\,\\$a0674992369,\\$aMePoLT $cMePoLT $erda,\4$aLOEB-PA 6661 .A7 1928 v.1,\4$a188,1\$aSeneca.,"10$aSeneca: Moral Essays, Volume I (Loeb Classical Library No. 214).","\1$bLoeb Classical Library, $c1928.",\\$a480  p.,"\\$aSeneca: Moral Essays, Volume I (Loeb Classical Library No. 214) by Seneca (1928)",,\\$aLoeb,\\$aYour library,00543     2200193 i 4500
\\,\\,\\,\\$a0674990846,\\$aMePoLT $cMePoLT $erda,\4$aLOEB-PA 6661 .E6 1917 v.1,\4$a920,1\$aSeneca.,"10$aSeneca, Volume IV, Epistles 1-65 (Loeb Classical Library No. 75).","\1$bLoeb Classical Library, $c1917.",\\$a496  p.,"\\$aSeneca, Volume IV, Epistles 1-65 (Loeb Classical Library No. 75) by Seneca (1917)",,,\\$aYour library,00524     2200181 i 4500
\\,\\,\\,\\$a0674990862,\\$aMePoLT $cMePoLT $erda,\4$aLOEB-PA 6661 .E6 1917 v.3,\4$a170,1\$aSeneca.,"10$aSeneca, VI, Epistles 93-124 (Loeb Classical Library).","\1$aLoeb Classical Library (1925), Edition $b Revised, Hardcover, 480 pages, $c1925.",\\$a480  p.,"\\$aSeneca, VI, Epistles 93-124 (Loeb Classical Library) by Seneca (1925)",,,\\$aYour library,00548     2200181 i 4500
\\,\\,\\,\\$a0674996100,\\$aMePoLT $cMePoLT $erda,\4$aPA 6666 .A1 F58 v2,\4$a872.01,1\$aSeneca.,"10$aTragedies II: Oedipus, Agamemnon, Thyestes, Hercules on Oeta, Octavia (Loeb Classical Library).","\1$aLoeb Classical Library (2004), Edition $b annotated edition, Hardcover, 672 pages, $c2004.",\\$a672  p.,"\\$aTragedies II: Oedipus, Agamemnon, Thyestes, Hercules on Oeta, Octavia (Loeb Classical Library) by Seneca (2004)",,\\$aLoeb $aDUP $aREMOVE $aCHECK,\\$aYour library,00679     2200193 i 4500
\\,\\,\\,\\$a0674994620,\\$aMePoLT $cMePoLT $erda,\4$aLOEB-PA 6694 .S7 1936 v.2,\4$a808,1\$aSidonius.,"10$aSidonius: Letters, Books 3-9 (Loeb Classical Library No. 420).","\1$bLoeb Classical Library, $c1965.",\\$a672  p.,"\\$aSidonius: Letters, Books 3-9 (Loeb Classical Library No. 420) by Sidonius (1965)",,\\$aLoeb,\\$aYour library,00543     2200193 i 4500
\\,\\,\\,\\$a0674993055,\\$aMePoLT $cMePoLT $erda,\4$aLOEB-PA 6695 .A2 1927 v.1,\4$a808,"1\$aItalicus, Silius.","10$aSilius Italicus: Punica, Volume I, Books 1-8 (Loeb Classical Library No. 277).","\1$bLoeb Classical Library, $c1934.",\\$a464  p.,"\\$aSilius Italicus: Punica, Volume I, Books 1-8 (Loeb Classical Library No. 277) by Silius Italicus (1934)",,\\$aLoeb,\\$aYour library,00590     2200193 i 4500
\\,\\,\\,\\$a0674996046,\\$aMePoLT $cMePoLT $erda,\4$aLOEB-PA 6697 .A2 2003 v.1,\4$a871.01,"1\$aStatius, P. Papinius.",10$aStatius: Silvae (Loeb Classical Library No. 206) (English and Latin Edition) (Vol. 1).,"\1$bHarvard University Press, $c2003.",\\$a448  p.,\\$aStatius: Silvae (Loeb Classical Library No. 206) (English and Latin Edition) (Vol. 1) by P. Papinius Statius (2003),,\\$aLoeb,\\$aYour library,00619     2200193 i 4500
\\,\\,\\,\\$a0674995708,\\$aMePoLT $cMePoLT $erda,\4$aLOEB-PA 6700 .A2 1997 v.1,\4$a920.037,1\$aSuetonius.,"10$aSuetonius, Vol. 1: The Lives of the Caesars--Julius. Augustus. Tiberius. Gaius. Caligula (Loeb Classical Library, No. 31).","\1$bLoeb Classical Library, $c1914.",\\$a528  p.,"\\$aSuetonius, Vol. 1: The Lives of the Caesars--Julius. Augustus. Tiberius. Gaius. Caligula (Loeb Classical Library, No. 31) by Suetonius (1914)",,\\$aLoeb,\\$aYour library,00669     2200193 i 4500
\\,\\,\\,\\$a0674991230,\\$aMePoLT $cMePoLT $erda,\4$aLOEB-PA 6705 .A2 v.2 1925,\4$a878.01,1\$aTacitus.,"10$aTacitus: Histories, Books I-III (Loeb Classical Library No. 111) (Bks. 1-3).","\1$bLoeb Classical Library, $c1925.",\\$a512  p.,"\\$aTacitus: Histories, Books I-III (Loeb Classical Library No. 111) (Bks. 1-3) by Tacitus (1925)",,\\$aLoeb,\\$aYour library,00572     2200193 i 4500
\\,\\,\\,\\$a0674993675,\\$aMePoLT $cMePoLT $erda,\4$aLOEB-PA 6792 .A3 1951 v.1,\4$a477,1\$aVarro.,"10$aVarro: On the Latin Language, Volume I, Books 5-7 (Loeb Classical Library No. 333).","\1$bLoeb Classical Library, $c1938.",\\$a432  p.,"\\$aVarro: On the Latin Language, Volume I, Books 5-7 (Loeb Classical Library No. 333) by Varro (1938)",,\\$aLoeb,\\$aYour library,00579     2200193 i 4500
\\,\\,\\,\\$a0674993683,\\$aMePoLT $cMePoLT $erda,\4$aLOEB-PA 6792 .A3 1951 v.2,\4$a428,1\$aVarro.,"10$aVarro: On the Latin Language, Volume II, Books 8-10. Fragments. (Loeb Classical Library No. 334).","\1$bLoeb Classical Library, $c1938.",\\$a320  p.,"\\$aVarro: On the Latin Language, Volume II, Books 8-10. Fragments. (Loeb Classical Library No. 334) by Varro (1938)",,\\$aLoeb,\\$aYour library,00607     2200193 i 4500
\\,\\,\\,\\$a0674991680,\\$aMePoLT $cMePoLT $erda,\4$aLOEB-PA 6789 .A2 1924,\4$a937.06,"1\$aPaterculus, Velleius.","10$aCompendium of Roman History / Res Gestae Divi Augusti (Loeb Classical Library, No. 152).","\1$bLoeb Classical Library, $c1924.",\\$a464  p.,"\\$aCompendium of Roman History / Res Gestae Divi Augusti (Loeb Classical Library, No. 152) by Velleius Paterculus (1924)",,\\$aLoeb,\\$aYour library,00617     2200193 i 4500
\\,\\,\\,\\$a067499583X,\\$aMePoLT $cMePoLT $erda,\4$aLOEB-PA 6807 .A2 2000 v.1,\4$a871.01,1\$aVirgil.,10$aEclogues. Georgics. Aeneid: Books 1-6 (Loeb Classical Library).,"\1$aLoeb Classical Library (1916), Edition $b Revised, Hardcover, 608 pages, $c1916.",\\$a608  p.,\\$aEclogues. Georgics. Aeneid: Books 1-6 (Loeb Classical Library) by Virgil (1916),,\\$aLoeb,\\$aYour library,00592     2200193 i 4500
\\,\\,\\,\\$a0674992776,\\$aMePoLT $cMePoLT $erda,\4$aLOEB-PA 6868 .A2 1934 v.1,\4$a809,1\$aVitruvius.,"10$aVitruvius: On Architecture, Volume I, Books 1-5 (Loeb Classical Library No. 251).","\1$bLoeb Classical Library, $c1931.",\\$a368  p.,"\\$aVitruvius: On Architecture, Volume I, Books 1-5 (Loeb Classical Library No. 251) by Vitruvius (1931)",,\\$aLoeb,\\$aYour library,00583     2200193 i 4500
\\,\\,\\,,\\$aMePoLT $cMePoLT $erda,\4$aLOEB-PA 3319 .A2 1932 v.1,,"1\$aHunt, Arthur S.; Edgar, C. C.",10$aSelect Papyri: Vol. I Private Affairs (Loeb Classical Library).,"\1$bHeinemann/ Putnam/ Harvard 1932, $c1934.",,"\\$aSelect Papyri: Vol. I Private Affairs (Loeb Classical Library) by Arthur S.; Edgar Hunt, C. C. (1934)",,\\$aLoeb,\\$aYour library,00523     2200157 i 4500
\\,\\,\\,\\$a0674993977,\\$aMePoLT $cMePoLT $erda,\4$aLOEB-PA 3319 .A2 1932 v.3,\4$a089.81,"1\$aPage, D. L. (translator).","10$aSelect Papyri, Volume III (Loeb Classical Library No. 360).","\1$aLoeb Classical Library (1941), Edition $b Revised, Hardcover, 640 pages, $c1941.",\\$a640  p.,"\\$aSelect Papyri, Volume III (Loeb Classical Library No. 360) by D. L. (translator) Page (1941)",,\\$aLoeb,\\$aYour library,00619     2200193 i 4500
\\,\\,\\,\\$a0674993993,\\$aMePoLT $cMePoLT $erda,\4$aLOEB-PA 3403 .M3 1939 v.2,\4$a938,"1\$aThomas, Ivor.","10$aGreek Mathematical Works: Volume II, From Aristarchus to Pappus. (Loeb Classical Library No. 362).","\1$bLoeb Classical Library, $c1941.",\\$a704  p.,"\\$aGreek Mathematical Works: Volume II, From Aristarchus to Pappus. (Loeb Classical Library No. 362) by Ivor Thomas (1941)",,\\$aLoeb,\\$aYour library,00622     2200193 i 4500
\\,\\,\\,\\$a0674991583,\\$aMePoLT $cMePoLT $erda,\4$aLOEB-PA 3443 .C5 1988,\4$a884.0108,1\$aAnacreon.,"10$aGreek Lyric II: Anacreon, Anacreontea, Choral Lyric from Olympis to Alcman (Loeb Classical Library No. 143).","\1$bLoeb Classical Library, $c1988.",\\$a560  p.,"\\$aGreek Lyric II: Anacreon, Anacreontea, Choral Lyric from Olympis to Alcman (Loeb Classical Library No. 143) by Anacreon (1988)",,\\$aLoeb,\\$aYour library,00636     2200193 i 4500
\\,\\,\\,\\$a0674995252,\\$aMePoLT $cMePoLT $erda,\4$aLOEB-PA 3443 .C5 1991,\4$a884.0108,1\$aStesichorus.,"10$aGreek Lyric, Volume III, Stesichorus, Ibycus, Simonides, and Others (Loeb Classical Library No. 476).","\1$bLoeb Classical Library, $c1991.",\\$a672  p.,"\\$aGreek Lyric, Volume III, Stesichorus, Ibycus, Simonides, and Others (Loeb Classical Library No. 476) by Stesichorus (1991)",,\\$aLoeb,\\$aYour library,00628     2200193 i 4500
\\,\\,\\,\\$a0674995082,\\$aMePoLT $cMePoLT $erda,\4$aLOEB-PA 3443 .C5 1992,\4$a884.0108,1\$aBacchylides.,"10$aGreek Lyric: Volume IV, Bacchylides, Corinna, and Others (Loeb Classical Library No. 461).","\1$bLoeb Classical Library, $c1992.",\\$a432  p.,"\\$aGreek Lyric: Volume IV, Bacchylides, Corinna, and Others (Loeb Classical Library No. 461) by Bacchylides (1992)",,\\$aLoeb,\\$aYour library,00606     2200193 i 4500
\\,\\,\\,\\$a0674995597,\\$aMePoLT $cMePoLT $erda,\4$aLOEB-PA 3443 .C5 1993,\4$a884.0108,"1\$aCampbell, David A.","10$aGreek Lyric, Volume V: The New School of Poetry and Anonymous Songs and Hymns (Loeb Classical Library No. 144).","\1$bLoeb Classical Library, $c1993.",\\$a496  p.,"\\$aGreek Lyric, Volume V: The New School of Poetry and Anonymous Songs and Hymns (Loeb Classical Library No. 144) by David A. Campbell (1993)",,\\$aLoeb,\\$aYour library,00660     2200193 i 4500
\\,\\,\\,\\$a0674990315,\\$aMePoLT $cMePoLT $erda,\4$aLOEB-PA 3451 .E16 1928,\4$a881.01,1\$aTheocritus.,10$aGreek Bucolic Poets: Theocritus. Bion. Moschus (Loeb Classical Library No. 28).,"\1$aLoeb Classical Library (1912), Edition $b Revised, Hardcover, 560 pages, $c1912.",\\$a560  p.,\\$aGreek Bucolic Poets: Theocritus. Bion. Moschus (Loeb Classical Library No. 28) by Theocritus (1912),,\\$aLoeb,\\$aYour library,00629     2200193 i 4500
\\,\\,\\,\\$a0674990749,\\$aMePoLT $cMePoLT $erda,\4$aLOEB-PA 3458 .A2 v.1,\4$a881.008,"1\$aPaton, W.R.",10$aGreek Anthology: v. 1 (Loeb Classical Library).,"\1$bWilliam Heinemann, $c1916.",\\$a515  p.,\\$aGreek Anthology: v. 1 (Loeb Classical Library) by W.R. Paton (1916),,\\$aLoeb $a2 copies,\\$aYour library,00521     2200193 i 4500
\\,\\,\\,,\\$aMePoLT $cMePoLT $erda,\4$aLOEB-PA 3458 .A2 v.3,\4$a881.008,"1\$aPaton, W.R. trans.",10$aLoeb: The Greek Anthology III.,"\1$bHeinemann/Harvard, $c1968.",,\\$aLoeb: The Greek Anthology III by W.R. trans. Paton (1968),,\\$aLoeb,\\$aYour library,00440     2200169 i 4500
\\,\\,\\,\\$a043499085X,\\$aMePoLT $cMePoLT $erda,\4$aLOEB-PA 3458 .A2 v.4,\4$a881.008,1\$aPaton.,10$aThe Greek Anthology. In Five Volumes. Vol. 4 of 5 : Loeb Classical Library..,"\1$bHeinemann, $c1918.",\\$a427  p.,\\$aThe Greek Anthology. In Five Volumes. Vol. 4 of 5 : Loeb Classical Library. by Paton (1918),,\\$aLoeb,\\$aYour library,00551     2200193 i 4500
\\,\\,\\,\\$a0674990951,\\$aMePoLT $cMePoLT $erda,\4$aLOEB-PA 3458 .A2 v.5,\4$a881.008,"1\$aPaton, W. R.","10$aThe Greek Anthology, Vol. 5 (Loeb Classic, 86).","\1$bLoeb Classical Library, $c1918.",\\$a416  p.,"\\$aThe Greek Anthology, Vol. 5 (Loeb Classic, 86) by W. R. Paton (1918)",,\\$aLoeb,\\$aYour library,00518     2200193 i 4500
\\,\\,\\,\\$a0674996062,\\$aMePoLT $cMePoLT $erda,\4$aLOEB-PA 4025 .H8 2003,\4$a883.0108,"1\$aWest, M. L.",10$aHomeric Hymns. Homeric Apocrypha. Lives of Homer (Loeb Classical Library No. 496).,"\1$bLoeb Classical Library, $c2003.",\\$a480  p.,\\$aHomeric Hymns. Homeric Apocrypha. Lives of Homer (Loeb Classical Library No. 496) by M. L. West (2003),,\\$aLoeb $a2 copies,\\$aYour library,00598     2200193 i 4500
\\,\\,\\,,\\$aMePoLT $cMePoLT $erda,\4$aLOEB-PA 3862 .A3 1949,\4$a886.01,1\$aAlciphron.,"10$aThe letters of Alciphron, Aelian and Philostratus: With an English translation (Loeb classical library).","\1$aHarvard Univ. Press (1962), Edition $b 2nd Edition, Hardcover, 587 pages, $c1962.",,"\\$aThe letters of Alciphron, Aelian and Philostratus: With an English translation (Loeb classical library) by Alciphron (1962)",,\\$aLoeb,\\$aYour library,00626     2200169 i 4500
\\,\\,\\,\\$a0674996283,\\$aMePoLT $cMePoLT $erda,\4$aLOEB-PA 3825 .A2 2008 v.2,\4$a808,1\$aAeschylus.,"10$aAeschylus, II, Oresteia: Agamemnon. Libation-Bearers. Eumenides (Loeb Classical Library).","\1$bLoeb Classical Library, $c2009.",\\$a544  p.,"\\$aAeschylus, II, Oresteia: Agamemnon. Libation-Bearers. Eumenides (Loeb Classical Library) by Aeschylus (2009)",,\\$aLoeb,\\$aYour library,00599     2200193 i 4500
\\,\\,\\,\\$a0434990027,\\$aMePoLT $cMePoLT $erda,\4$aLOEB-PA 3873 .A2 1912 v.1,\4$a937,1\$aAppian.,"10$aRoman History, Volume I: Books 1-8.1 (Loeb Classical Library).","\1$bUnknown, $c1912.",\\$a659  p.,"\\$aRoman History, Volume I: Books 1-8.1 (Loeb Classical Library) by Appian (1912)",,\\$aLoeb,\\$aYour library,00524     2200193 i 4500
\\,\\,\\,\\$a0674990064,\\$aMePoLT $cMePoLT $erda,\4$aLOEB-PA 3873 .A2 1912 v.4,\4$a937,1\$aAppian.,"10$aAppian: Roman History, Vol. IV, The Civil Wars, Books 3.27-5 (Loeb Classical Library No. 5).","\1$bLoeb Classical Library, $c1913.",\\$a688  p.,"\\$aAppian: Roman History, Vol. IV, The Civil Wars, Books 3.27-5 (Loeb Classical Library No. 5) by Appian (1913)",,\\$aLoeb,\\$aYour library,00599     2200193 i 4500
\\,\\,\\,\\$a0674990013,\\$aMePoLT $cMePoLT $erda,\4$aLOEB-PA 3872 .E5 1988,\4$a883.01,1\$aApollonius Rhodius.,10$aApollonius Rhodius: Argonautica (Loeb Classical Library #1).,"\1$bLoeb Classical Library, $c1990.",\\$a544  p.,\\$aApollonius Rhodius: Argonautica (Loeb Classical Library #1) by Apollonius Rhodius (1990),,\\$aLoeb,\\$aYour library,00558     2200193 i 4500
\\,\\,\\,\\$a0674996089,\\$aMePoLT $cMePoLT $erda,\4$aLOEB-BR 60 .A62 2003 v.2,\4$a270.1,"1\$aEhrman, Bart D.",10$aApostolic Fathers: Volume II. Epistle of Barnabas. Papias and Quadratus. Epistle to Diognetus. The Shepherd of Hermas (Loeb Classical Library No. 25N).,"\1$bLoeb Classical Library, $c2003.",\\$a496  p.,\\$aApostolic Fathers: Volume II. Epistle of Barnabas. Papias and Quadratus. Epistle to Diognetus. The Shepherd of Hermas (Loeb Classical Library No. 25N) by Bart D. Ehrman (2003),,\\$aLoeb,\\$aYour library,00734     2200193 i 4500
\\,\\,\\,\\$a0674995058,\\$aMePoLT $cMePoLT $erda,\4$aLOEB-PA 3874 .A6 1973 v.1,\4$a885.01,1\$aAelius Aristides.,"10$aAristides, Vol. 1: Panathenaic Oration and In Defence of Oratory (Loeb Classical Library, No. 458) (Volume I).","\1$bLoeb Classical Library, $c1973.",\\$a272  p.,"\\$aAristides, Vol. 1: Panathenaic Oration and In Defence of Oratory (Loeb Classical Library, No. 458) (Volume I) by Aelius Aristides (1973)",,\\$aLoeb,\\$aYour library,00658     2200193 i 4500
\\,\\,\\,\\$a0674995376,\\$aMePoLT $cMePoLT $erda,\4$aLOEB-PA 3877 .A1 H46 1998 v.2,\4$a882.01,1\$aAristophanes.,10$aAristophanes: Clouds. Wasps. Peace (Loeb Classical Library No. 488).,"\1$bLoeb Classical Library, $c1998.",\\$a624  p.,\\$aAristophanes: Clouds. Wasps. Peace (Loeb Classical Library No. 488) by Aristophanes (1998),,\\$aLoeb,\\$aYour library,00570     2200193 i 4500
\\,\\,\\,\\$a0674996151,\\$aMePoLT $cMePoLT $erda,\4$aLOEB-PA 3877 .A1 H46 2007 v.5,\4$a822.01,1\$aAristophanes.,"10$aAristophanes, V, Fragments (Loeb Classical Library No. 502).","\1$bLoeb Classical Library, $c2008.",\\$a576  p.,"\\$aAristophanes, V, Fragments (Loeb Classical Library No. 502) by Aristophanes (2008)",,\\$aLoeb,\\$aYour library,00554     2200193 i 4500
\\,\\,\\,\\$a0674994035,\\$aMePoLT $cMePoLT $erda,\4$aLOEB-PA 3892 .A3 1942,\4$a590,1\$aAristotle.,10$aAristotle: Generation of Animals (Loeb Classical Library No. 366).,"\1$aLoeb Classical Library (1942), Edition $b Reprint, Hardcover, 688 pages, $c1942.",\\$a688  p.,\\$aAristotle: Generation of Animals (Loeb Classical Library No. 366) by Aristotle (1942),,\\$aLoeb,\\$aYour library,00597     2200193 i 4500
\\,\\,\\,\\$a0674994825,\\$aMePoLT $cMePoLT $erda,\4$aLOEB-PA 3892 .A4 1965 v.2,\4$a591.09014,1\$aAristotle.,"10$aAristotle : History of Animals, Books IV-VI (Loeb Classical Library No. 438) (Bk. 4-6).","\1$bLoeb Classical Library, $c1970.",\\$a432  p.,"\\$aAristotle : History of Animals, Books IV-VI (Loeb Classical Library No. 438) (Bk. 4-6) by Aristotle (1970)",,\\$aLoeb,\\$aYour library,00601     2200193 i 4500
\\,\\,\\,\\$a0674993578,\\$aMePoLT $cMePoLT $erda,\4$aLOEB-PA 3892 .A5 1961,\4$a590,1\$aAristotle.,10$aAristotle: Parts of Animals. Movement of Animals. Progression of Animals (Loeb Classical Library No. 323).,"\1$aLoeb Classical Library (1937), Edition $b Revised, Hardcover, 560 pages, $c1937.",\\$a560  p.,\\$aAristotle: Parts of Animals. Movement of Animals. Progression of Animals (Loeb Classical Library No. 323) by Aristotle (1937),,\\$aLoeb,\\$aYour library,00677     2200193 i 4500
\\,\\,\\,\\$a0674993594,\\$aMePoLT $cMePoLT $erda,\4$aLOEB-PA 3893 .C5 1938,\4$a885.01,1\$aAristotle.,10$aAristotle: Categories. On Interpretation. Prior Analytics (Loeb Classical Library No. 325).,"\1$bLoeb Classical Library, $c1938.",\\$a560  p.,\\$aAristotle: Categories. On Interpretation. Prior Analytics (Loeb Classical Library No. 325) by Aristotle (1938),,\\$aLoeb,\\$aYour library,00602     2200193 i 4500
\\,\\,\\,\\$a0674994418,\\$aMePoLT $cMePoLT $erda,\4$aLOEB-PA 3893 .O7 1955,\4$a180,1\$aAristotle.,10$aAristotle: On Sophistical Refutations. On Coming-to-be and Passing Away. On the Cosmos. (Loeb Classical Library No. 400) (v. 3).,"\1$bLoeb Classical Library, $c1955.",\\$a448  p.,\\$aAristotle: On Sophistical Refutations. On Coming-to-be and Passing Away. On the Cosmos. (Loeb Classical Library No. 400) (v. 3) by Aristotle (1955),,\\$aLoeb,\\$aYour library,00673     2200193 i 4500
\\,\\,\\,\\$a0674993497,\\$aMePoLT $cMePoLT $erda,\4$aLOEB-PA 3893 .P9 1936 v.1,\4$a885.01,1\$aAristotle.,"10$aAristotle: Problems, Books 1-21 (Loeb Classical Library No. 316) (Bks. 1-21).","\1$aLoeb Classical Library (1936), Edition $b Revised, Hardcover, 480 pages, $c1936.",\\$a480  p.,"\\$aAristotle: Problems, Books 1-21 (Loeb Classical Library No. 316) (Bks. 1-21) by Aristotle (1936)",,\\$aLoeb,\\$aYour library,00626     2200193 i 4500
\\,\\,\\,\\$a0674992121,\\$aMePoLT $cMePoLT $erda,\4$aLOEB-PA 3893 .R3 1926,\4$a888.01,1\$aAristotle.,10$aAristotle: Art of Rhetoric (Loeb Classical Library No. 193).,"\1$bLoeb Classical Library, $c1926.",\\$a544  p.,\\$aAristotle: Art of Rhetoric (Loeb Classical Library No. 193) by Aristotle (1926),,\\$aLoeb,\\$aYour library,00540     2200193 i 4500
\\,\\,\\,\\$a0674996208,\\$aMePoLT $cMePoLT $erda,\4$aLOEB-PA 3937 .A2 1927 v.1,\4$a888.01,1\$aAthenaeus.,"10$aThe Learned Banqueters, Volume I: Books 1-3.106e (Loeb Classical Library) (v. 1).","\1$bLoeb Classical Library, $c2007.",\\$a624  p.,"\\$aThe Learned Banqueters, Volume I: Books 1-3.106e (Loeb Classical Library) (v. 1) by Athenaeus (2007)",,\\$aLoeb,\\$aYour library,00586     2200193 i 4500
\\,\\,\\,\\$a0674996240,\\$aMePoLT $cMePoLT $erda,\4$aLOEB-PA 3937 .A2 1927 v.3,\4$a888.01,1\$aAthenaeus.,"10$aThe Learned Banqueters, Vol. 3: Books 6-7 (Loeb Classical Library) (Books VI-VII v. 3).","\1$aLoeb Classical Library (2008), Edition $b Bilingual, Hardcover, 592 pages, $c2008.",\\$a592  p.,"\\$aThe Learned Banqueters, Vol. 3: Books 6-7 (Loeb Classical Library) (Books VI-VII v. 3) by Athenaeus (2008)",,\\$aLoeb,\\$aYour library,00648     2200193 i 4500
\\,\\,\\,\\$a0674992598,\\$aMePoLT $cMePoLT $erda,\4$aLOEB-PA 3937 .A2 1927 v.4,\4$a930,1\$aAthenaeus.,"10$aAthenaeus: The Deipnosophists, Volume IV, Books 8-10 (Loeb Classical Library No. 235).","\1$bLoeb Classical Library, $c1969.",\\$a512  p.,"\\$aAthenaeus: The Deipnosophists, Volume IV, Books 8-10 (Loeb Classical Library No. 235) by Athenaeus (1969)",,\\$aLoeb,\\$aYour library,00593     2200193 i 4500
\\,\\,\\,\\$a0674996399,\\$aMePoLT $cMePoLT $erda,\4$aLOEB-PA 3937 .A2 1927 v.6,\4$a808,1\$aAthenaeus.,"10$aThe Learned Banqueters, Volume VI: Books 12-13.594b (Loeb Classical Library).","\1$bLoeb Classical Library, $c2010.",\\$a464  p.,"\\$aThe Learned Banqueters, Volume VI: Books 12-13.594b (Loeb Classical Library) by Athenaeus (2010)",,\\$aLoeb,\\$aYour library,00575     2200193 i 4500
\\,\\,\\,\\$a0674994809,\\$aMePoLT $cMePoLT $erda,\4$aLOEB-PA 3941 .A2 1965,\4$a920,1\$aBabrius.,10$aFables: Babrius and Phaedrus (Loeb Classical Library No. 436).,"\1$bLoeb Classical Library, $c1965.",\\$a736  p.,\\$aFables: Babrius and Phaedrus (Loeb Classical Library No. 436) by Babrius (1965),,\\$aLoeb,\\$aYour library,00537     2200193 i 4500
\\,\\,\\,\\$a0674994639,\\$aMePoLT $cMePoLT $erda,\4$aLOEB-PA 3945 .A5 1978,\4$a881.01,1\$aCallimachus.,"10$aCallimachus: Aetia, Iambi, Hecale and Other Fragments.; Musaeus: Hero and Leander (Loeb Classical Library No. 421).","\1$bLoeb Classical Library, $c1973.",\\$a448  p.,"\\$aCallimachus: Aetia, Iambi, Hecale and Other Fragments.; Musaeus: Hero and Leander (Loeb Classical Library No. 421) by Callimachus (1973)",,\\$aLoeb,\\$aYour library,00654     2200193 i 4500
\\,\\,\\,\\$a0674991036,\\$aMePoLT $cMePoLT $erda,\4$aLOEB-PA 3948 .C4 1919,\4$a239.1,"1\$aAlexandria, Clement of.",10$aClement of Alexandria: The Exhortation to the Greeks. The Rich Man's Salvation. To the Newly Baptized (fragment) (Loeb Classical Library).,"\1$bLoeb Classical Library, $c1919.",\\$a432  p.,\\$aClement of Alexandria: The Exhortation to the Greeks. The Rich Man's Salvation. To the Newly Baptized (fragment) (Loeb Classical Library) by Clement of Alexandria (1919),,\\$aLoeb,\\$aYour library,00720     2200193 i 4500
\\,\\,\\,,\\$aMePoLT $cMePoLT $erda,\4$aPA 3612 .L6 1916,\4$a883.01,,00$aLoeb Classical Library: Daphnis & Chloe and the Love Romances of Parthenius and other Fragments.,"\1$bHeinemann, $c1916.",,\\$aLoeb Classical Library: Daphnis & Chloe and the Love Romances of Parthenius and other Fragments (1916),,\\$aLoeb $aCHECK,\\$aYour library,00510     2200157 i 4500
\\,\\,\\,\\$a0434992992,\\$aMePoLT $cMePoLT $erda,\4$aLOEB-PA 3949 .A2 v.4 1936,\4$a885.01,1\$aDemosthenes.,10$aPrivate Orations: XXVII-XL (Loeb Classical Library).,"\1$bWilliam Heinemann Ltd, $c1935.",\\$a608  p.,\\$aPrivate Orations: XXVII-XL (Loeb Classical Library) by Demosthenes (1935),,\\$aLoeb,\\$aYour library,00531     2200193 i 4500
\\,\\,\\,,\\$aMePoLT $cMePoLT $erda,\4$aLOEB-PA 3949 .A2 v.5 1939,\4$a885.01,"1\$aMurray, A. T.",10$aDemosthenes V Private Orations XLI-XLIX (Loeb Classical Library).,"\1$bHarvard University Press, $c1956.",,\\$aDemosthenes V Private Orations XLI-XLIX (Loeb Classical Library) by A. T. Murray (1956),,\\$aLoeb,\\$aYour library,00511     2200169 i 4500
\\,\\,\\,\\$a0674994124,\\$aMePoLT $cMePoLT $erda,\4$aLOEB-PA 3949 .A2 v.7 1949,\4$a885.01,1\$aDemosthenes.,10$aDemosthenes: Funeral Speech (60). Erotic Essay (61). Exordia. Letters (Loeb Classical Library No. 374).,"\1$bLoeb Classical Library, $c1949.",\\$a400  p.,\\$aDemosthenes: Funeral Speech (60). Erotic Essay (61). Exordia. Letters (Loeb Classical Library No. 374) by Demosthenes (1949),,\\$aLoeb,\\$aYour library,00634     2200193 i 4500
\\,\\,\\,\\$a2226036164,\\$aMePoLT $cMePoLT $erda,\4$aDC 138 .M67 1989,\4$a944.04,"1\$aMoss , Claude.",10$aL'Antiquit  dans la R volution fran aise.,"\1$bAlbin Michel, $c1989.",\\$a169  p.,\\$aL'Antiquit  dans la R volution fran aise by Claude Moss  (1989),,,\\$aYour library,00473     2200181 i 4500
\\,\\,\\,,\\$aMePoLT $cMePoLT $erda,\4$aDC 62 .F54 1992,\4$a936.4,"1\$aDrinkwater, J. F. (Edt)/ Elton, Hugh (Ed.",10$aFifth-Century Gaul.,"\1$bCambridge Univ Pr 01/1//1992, $c1992.",,"\\$aFifth-Century Gaul by J. F. (Edt)/ Elton Drinkwater, Hugh (Ed (1992)",,,\\$aYour library,00446     2200157 i 4500
\\,\\,\\,,\\$aMePoLT $cMePoLT $erda,\4$aDC 801 .A34 L48 1963,\4$a936.4,"1\$aLe Gall, Joe l.",10$aAle sia; arche ologie et histoire.,"\1$a(Paris)  $b Fayard, (1963)., $c1963.",\\$a223  p.,\\$aAle sia; arche ologie et histoire by Joe l Le Gall (1963),,,\\$aYour library,00457     2200169 i 4500
\\,\\,\\,\\$a3598778120,\\$aMePoLT $cMePoLT $erda,\4$aNA 5551 .S2 L56 2004,\4$a271.1,"1\$aLinscheid-Burdich, Susanne.",10$aSuger Von Saint-Denis. Untersuchungen zu seinen Schriften. Ordinatio - De consecratione - De administratione..,"\1$bK.G. Saur (An Impint of Walter de Gruyter), $c2004.",\\$a268  p.,\\$aSuger Von Saint-Denis. Untersuchungen zu seinen Schriften. Ordinatio - De consecratione - De administratione. by Susanne Linscheid-Burdich (2004),\\$aBeitr ge zur Altertumskunde 200.,,\\$aYour library,00719     2200193 i 4500
\\,\\,\\,,\\$aMePoLT $cMePoLT $erda,\4$aPA 3892 .A3 1965,\4$a590,1\$aAristotle.,10$aAristotelis De generatione animalium.,,\\$axxx; 223  p.,\\$aAristotelis De generatione animalium by Aristotle (1965),,,\\$aYour library,00396     2200157 i 4500
\\,\\,\\,,\\$aMePoLT $cMePoLT $erda,\4$aPA 3892 .A2 A2 1953,\4$a128,1\$aAverro s.,10$aCommentarium magnum in Aristotelis De anima libros.,,\\$axxiv; 592  p.,\\$aCommentarium magnum in Aristotelis De anima libros by Averro s (1953),,,\\$aYour library,00426     2200157 i 4500
\\,\\,\\,,\\$aMePoLT $cMePoLT $erda,\4$aBS 1965 .A7 1966,\4$a225.48,"1\$aTestament, Greek New.","10$aThe Greek New Testament Edited by Kurt Aland, Matthew Black, Bruce M. Metzger, Allen Wikgren.","\1$bAmerican Bible Society / British & Foreign Bible Society, $c1966.",,"\\$aThe Greek New Testament Edited by Kurt Aland, Matthew Black, Bruce M. Metzger, Allen Wikgren by Greek New Testament (1966)","\\$aThis book has an introduction in a separate volume, which does not have a call-number.  It is a little red  staple-bound paperback.",,\\$aYour library,00732     2200169 i 4500
\\,\\,\\,\\$a0801411351,\\$aMePoLT $cMePoLT $erda,\4$aNX 650 .T45 N67,\4$a700/.938,"1\$aNorth, Helen.",10$aFrom myth to icon : reflections of Greek ethical doctrine in literature and art.,"\1$aIthaca, N.Y.  $b Cornell University Press, 1979.",\\$a281  p.,\\$aFrom myth to icon : reflections of Greek ethical doctrine in literature and art by Helen North (1979),,,\\$aYour library,00577     2200181 i 4500
\\,\\,\\,,\\$aMePoLT $cMePoLT $erda,\4$aDE 25 .B555 1914,,"1\$aBesnier, M.",10$aLexique de ge ographie ancienne.,"\1$aParis  $b C. Klincksieck, 1914.",\\$axx; 893  p.,\\$aLexique de ge ographie ancienne by M. Besnier (1914),,,\\$aYour library,00416     2200157 i 4500
\\,\\,\\,\\$a0520034058,\\$aMePoLT $cMePoLT $erda,\4$aNX 650 .D4 V471 1981,\4$a700/.938,"1\$aVermeule, Emily.",10$aAspects of death in early Greek art and poetry.,"\1$aBerkeley  $b University of California Press, c1979.",\\$axv; 270  p.,\\$aAspects of death in early Greek art and poetry by Emily Vermeule (1979),,,\\$aYour library,00529     2200181 i 4500
\\,\\,\\,\\$a0500202443,\\$aMePoLT $cMePoLT $erda,\4$aNK 4649 .B625 1988,\4$a738.3/82/09385,"1\$aBoardman, John.","10$aAthenian red figure vases, the classical period : a handbook.","\1$aNew York, N.Y.  $b Thames and Hudson, c1989.",\\$a252  p.,"\\$aAthenian red figure vases, the classical period : a handbook by John Boardman (1989)",,,\\$aYour library,00548     2200181 i 4500
\\,\\,\\,,\\$aMePoLT $cMePoLT $erda,\4$aDE 25 .K9 1956,,"1\$aKirsten, Ernst; Kraiker, Wilhelm.",10$aGriechenlandkunde : ein Fu hrer zu klassischen Sta tten.,"\1$aHeidelberg  $b Winter, 19XX",,"\\$aGriechenlandkunde : ein Fu hrer zu klassischen Sta tten by Ernst; Kraiker Kirsten, Wilhelm (1956)",,,\\$aYour library,00475     2200145 i 4500
\\,\\,\\,\\$a019814797X,\\$aMePoLT $cMePoLT $erda,\4$aNK 4648 .T37 1992,\4$a738.3/82/0938,"1\$aTaplin, Oliver.",10$aComic angels : and other approaches to Greek drama through vase-paintings.,"\1$aOxford : New York  $b Clarendon Press ; Oxford University Press, 1992.",\\$axii; 129  p.,\\$aComic angels : and other approaches to Greek drama through vase-paintings by Oliver Taplin (1992),,,\\$aYour library,00603     2200181 i 4500
\\,\\,\\,\\$a0564021199,\\$aMePoLT $cMePoLT $erda,\4$aBS 1975 .W52 1979,\4$a225.47,1\$aJerome.,10$aNew Testament. Latin (Vulgate) New Testament. Ed. J. Wordsworth and H. J. White.,,,\\$aNew Testament. Latin (Vulgate) New Testament. Ed. J. Wordsworth and H. J. White by Jerome (?),,\\$amissing,\\$aYour library,00499     2200169 i 4500
\\,\\,\\,,\\$aMePoLT $cMePoLT $erda,\4$aNK 4645 .S32 1964,,"1\$aSchefold, Karl.",10$aFr&uuml;hgriechische Sagenbilder.,,\\$a109  p.,\\$aFr&uuml;hgriechische Sagenbilder by Karl Schefold (1964),,,\\$aYour library,00373     2200145 i 4500
\\,\\,\\,\\$a080207684X,\\$aMePoLT $cMePoLT $erda,\4$aPA 4003 .L70 1989,\4$a938.007202,"1\$aLateiner, Donald.",10$aThe Historical Method of Herodotus (Phoenix Supplementary Volumes).,"\1$bUniversity of Toronto Press, Scholarly Publishing Division, $c1989.",\\$a336  p.,\\$aThe Historical Method of Herodotus (Phoenix Supplementary Volumes) by Donald Lateiner (1989),,,\\$aYour library,00582     2200181 i 4500
\\,\\,\\,\\$a0198720637,\\$aMePoLT $cMePoLT $erda,\4$aPA 3892 .G6 WS 1982,\4$a500,1\$aAristotle.,10$aDe Generatione et Corruptione (Clarendon Aristotle Series).,,\\$a250  p.,\\$aDe Generatione et Corruptione (Clarendon Aristotle Series) by Aristotle (1982),,,\\$aYour library,00465     2200169 i 4500
\\,\\,\\,\\$a0198149565,\\$aMePoLT $cMePoLT $erda,\4$aPA 4004 .A84 2007,\4$a938,"1\$aAsheri, David.",10$aA Commentary on Herodotus Books I-IV (Bks. 1-4).,"\1$bOxford University Press, USA, $c2007.",\\$a800  p.,\\$aA Commentary on Herodotus Books I-IV (Bks. 1-4) by David Asheri (2007),,,\\$aYour library,00501     2200181 i 4500
\\,\\,\\,\\$a0521536839,\\$aMePoLT $cMePoLT $erda,\4$aPA 4004 .C36 2006,\4$a938.03092,"1\$aDewald, Carolyn.",10$aThe Cambridge Companion to Herodotus (Cambridge Companions to Literature).,"\1$bCambridge University Press, $c2006.",\\$a400  p.,\\$aThe Cambridge Companion to Herodotus (Cambridge Companions to Literature) by Carolyn Dewald (2006),,,\\$aYour library,00561     2200181 i 4500
\\,\\,\\,,\\$aMePoLT $cMePoLT $erda,\4$aNK 3615 .T713 1967,\4$a741,"1\$aTory, Geofroy (edit Gustave Cohen).",10$aCHAMP FLEURY..,,,\\$aCHAMP FLEURY. by Geofroy (edit Gustave Cohen). Tory (1967),,,\\$aYour library,00373     2200145 i 4500
\\,\\,\\,\\$a0684175940,\\$aMePoLT $cMePoLT $erda,\4$aDE 59 .C55 1987,\4$a938,"1\$aGrant, Michael.",10$aCivilizations of the Ancient Mediterranean: Greece and Rome (3 vols.).,"\1$bCharles Scribner's Sons, $c1988.",\\$a1344  p.,\\$aCivilizations of the Ancient Mediterranean: Greece and Rome (3 vols.) by Michael Grant (1988),,\\$a3 vols,\\$aYour library,00564     2200193 i 4500
\\,\\,\\,,\\$aMePoLT $cMePoLT $erda,\4$aPA 3893 .P5 1965,\4$a808.2,1\$aAristotle.,10$aDe Arte Poetica.,,,\\$aDe Arte Poetica by Aristotle (1965),,,\\$aYour library,00327     2200145 i 4500
\\,\\,\\,,\\$aMePoLT $cMePoLT $erda,\4$aND 1495 .S9 R37 1970,,"1\$aReinhold, Meyer.",10$aHistory of purple as a status symbol in antiquity (Collection Latomus).,"\1$bLatomus, r. Colonel Chaltin 60;, $c1970.",,\\$aHistory of purple as a status symbol in antiquity (Collection Latomus) by Meyer Reinhold (1970),,,\\$aYour library,00486     2200145 i 4500
\\,\\,\\,,\\$aMePoLT $cMePoLT $erda,\4$aPA 2385 .G6 1965,\4$a488.242,"1\$aGoetchius, Eugene Van Ness.",10$aThe language of the New Testament.,,\\$axvii; 349  p.,\\$aThe language of the New Testament by Eugene Van Ness Goetchius (1965),,\\$amissing,\\$aYour library,00452     2200169 i 4500
\\,\\,\\,\\$a0198145624,\\$aMePoLT $cMePoLT $erda,\4$aPA 3891 .A2,\4$a160,1\$aAristotle.,10$a[Analytica priora et posteriora] Aristotelis Analytica priora et posteriora.,,\\$aXII; 197  p.,\\$a[Analytica priora et posteriora] Aristotelis Analytica priora et posteriora by Aristotle (1964),,\\$amissing,\\$aYour library,00520     2200181 i 4500
\\,\\,\\,,\\$aMePoLT $cMePoLT $erda,\4$aPA 4004 .I4 1966,\4$a888.01,"1\$aImmerwahr, Henry R.",10$aForm and Thought in Herodotus.,"\1$bWestern Reserve University, $c1966.",,\\$aForm and Thought in Herodotus by Henry R. Immerwahr (1966),,,\\$aYour library,00425     2200157 i 4500
\\,\\,\\,,\\$aMePoLT $cMePoLT $erda,\4$aPA 3892 .A2 1907,\4$a128,1\$aAristotle.,10$aDe anima.,,\\$alxxxiii; 626  p.,\\$aDe anima by Aristotle (1907),,,\\$aYour library,00344     2200157 i 4500
\\,\\,\\,\\$a0674389859,\\$aMePoLT $cMePoLT $erda,\4$aPA 4004 .L1 1984,\4$a937,"1\$aLang, Mabel.",10$aHerodotean Narrative and Discourse (Martin Classical Lectures ; V. 28).,"\1$bHarvard University Press, $c1984.",\\$a192  p.,\\$aHerodotean Narrative and Discourse (Martin Classical Lectures ; V. 28) by Mabel Lang (1984),,,\\$aYour library,00538     2200181 i 4500
\\,\\,\\,\\$a0520073029,\\$aMePoLT $cMePoLT $erda,\4$aPA 3966 .A5 G22 1991,\4$a937,"1\$aGabba, Emilio.",10$aDionysius and The History of Archaic Rome (Sather Classical Lectures).,,\\$a271  p.,\\$aDionysius and The History of Archaic Rome (Sather Classical Lectures) by Emilio Gabba (1991),,,\\$aYour library,00495     2200169 i 4500
\\,\\,\\,,\\$aMePoLT $cMePoLT $erda,\4$aPA 3893 .P5 1911,\4$a808.1,1\$aAristotle.,10$aDe arte poetica.,,,\\$aDe arte poetica by Aristotle (1911),,\\$a2 copies,\\$aYour library,00352     2200157 i 4500
\\,\\,\\,\\$a3519076195,\\$aMePoLT $cMePoLT $erda,\4$aPA 3966 .D5 H39 1996,\4$a808/.009/014,"1\$aHidber, Thomas.","10$aDas klassizistische Manifest des Dionys von Halikarnass. Die Praefatio zu ""De oratoribus veteribus"": Einleitung,  bersetzung und Kommentar.",,\\$axii; 157  p.,"\\$aDas klassizistische Manifest des Dionys von Halikarnass : die Praefatio zu ""De oratoribus veteribus"" : Einleitung,  bersetzung und Kommentar by Thomas Hidber (1996)",,,\\$aYour library,00651     2200169 i 4500
\\,\\,\\,,\\$aMePoLT $cMePoLT $erda,\4$aPA 4004 .P30 1987,\4$a880,"1\$aPeradotto, John.","10$aHerodotus and the Invention of History: Arethusa, Volume 20, Numbers 1 and 2.","\1$bArethusa; SUNY Buffalo, $c1987.",,"\\$aHerodotus and the Invention of History: Arethusa, Volume 20, Numbers 1 and 2 by John Peradotto (1987)",,\\$amissing,\\$aYour library,00530     2200169 i 4500
\\,\\,\\,\\$a3519076446,\\$aMePoLT $cMePoLT $erda,\4$aPA 3966 .E83 F67 1997,\4$a930,"1\$aFornaro, Sotera.",10$aDionisio di Alicarnasso Epistola a Pompeo Gemino.,,\\$a279  p.,\\$aDionisio di Alicarnasso Epistola a Pompeo Gemino by Sotera Fornaro (1997),,,\\$aYour library,00458     2200169 i 4500
\\,\\,\\,,\\$aMePoLT $cMePoLT $erda,\4$aDE 8 .F52 1975,\4$a907.2,"1\$aFinley, M I.",10$aUse & Abuse of History.,"\1$bTRAFALGAR SQUARE  , $c1987.",,\\$aUse & Abuse of History by M I Finley (1975),,,\\$aYour library,00385     2200157 i 4500
\\,\\,\\,\\$a0199220719,\\$aMePoLT $cMePoLT $erda,\4$aNB 90 .S5811 1991,\4$a730.093809014,"1\$aSparkes, Brian A.",10$aGreek Art.,,\\$a77  p.,\\$aGreek Art by Brian A. Sparkes (1991),,,\\$aYour library,00388     2200169 i 4500
\\,\\,\\,\\$a9050634575,\\$aMePoLT $cMePoLT $erda,\4$aPA 4007 .D55 1995,\4$a938.007202,"1\$aDik, Helma.","10$aWord Order in Ancient Greek: A Pragmatic Account of Word Order Variation in Herodotus (Amsterdam Studies in Classical Philology , No 5).","\1$bBrill Academic Publishers, $c1995.",\\$a304  p.,"\\$aWord Order in Ancient Greek: A Pragmatic Account of Word Order Variation in Herodotus (Amsterdam Studies in Classical Philology , No 5) by Helma Dik (1995)",,,\\$aYour library,00675     2200181 i 4500
\\,\\,\\,\\$a0631156240,\\$aMePoLT $cMePoLT $erda,\4$aBL 1790 .B82 1985,\4$a200,"1\$aBurkert, Walter.",10$aGreek Religion: Archaic and Classical (Ancient World).,"\1$bWiley-Blackwell, $c1991.",\\$a504  p.,\\$aGreek Religion: Archaic and Classical (Ancient World) by Walter Burkert (1991),,,\\$aYour library,00504     2200181 i 4500
\\,\\,\\,\\$a0814318274,\\$aMePoLT $cMePoLT $erda,\4$aPA 4007 .F56 1987,\4$a938.0072024,"1\$aFlory, Stewart.",10$aThe Archaic Smile of Herodotus.,"\1$bWayne State Univ Pr, $c1987.",\\$a204  p.,\\$aThe Archaic Smile of Herodotus by Stewart Flory (1987),,,\\$aYour library,00468     2200181 i 4500
\\,\\,\\,\\$a0520029224,\\$aMePoLT $cMePoLT $erda,\4$aPA 3967 .Z5 P96,\4$a938/.007/2024,1\$aDionysius of Halicarnassus.,10$aOn Thucydides.,,\\$axxxvi; 164  p.,\\$aOn Thucydides by Dionysius of Halicarnassus (1975),,,\\$aYour library,00422     2200169 i 4500
\\,\\,\\,\\$a1597405345,\\$aMePoLT $cMePoLT $erda,\4$aDE 8 .F55 1986,\4$a938,"1\$aFinley, M. I.",10$aAncient History: Evidence and Models.,,\\$a142  p.,\\$aAncient History: Evidence and Models by M. I. Finley (1986),,,\\$aYour library,00422     2200169 i 4500
\\,\\,\\,,\\$aMePoLT $cMePoLT $erda,\4$aPA 2041 .M3,,"1\$aMarouzeau, Jules.",10$aIntroduction au Latin.,,,\\$aIntroduction au Latin by Jules Marouzeau (1943),,,\\$aYour library,00325     2200133 i 4500
\\,\\,\\,\\$a3110036347,\\$aMePoLT $cMePoLT $erda,\4$aPA 4007 .F9 Z3 1971,\4$a888.1,"1\$aFehling, Detlev.",10$aDie Quellenangaben Bei Herodot: Studien Zur Erzahlkunst Herodots (Untersuchungen Zur Antiken Literatur Und Geschichte).,"\1$bWalter de Gruyter, $c1971.",\\$a198  p.,\\$aDie Quellenangaben Bei Herodot: Studien Zur Erzahlkunst Herodots (Untersuchungen Zur Antiken Literatur Und Geschichte) by Detlev Fehling (1971),,,\\$aYour library,00640     2200181 i 4500
\\,\\,\\,,\\$aMePoLT $cMePoLT $erda,\4$aNB 90 .J7 1895,\4$a733.3,"1\$aJones, H. Stuart.",10$aSelect Passages from Ancient Writers Illustrative of the History of Greek Sculpture.,"\1$bArgonaut Inc. , Publishers, $c1966.",,\\$aSelect Passages from Ancient Writers Illustrative of the History of Greek Sculpture by H. Stuart Jones (1966),,,\\$aYour library,00525     2200157 i 4500
\\,\\,\\,,\\$aMePoLT $cMePoLT $erda,\4$aPA 4007 .Z5 A 1960,\4$a938.03,"1\$aPowell, J. Enoch.",10$aA Lexicon to Herodotus.,"\1$aGeorg Olms (1960), Edition $b 2nd Edition, Hardcover, $c1960.",,\\$aA Lexicon to Herodotus by J. Enoch Powell (1960),,,\\$aYour library,00433     2200157 i 4500
\\,\\,\\,\\$a0500201986,\\$aMePoLT $cMePoLT $erda,\4$aNB 90 .B63 1985,\4$a733.3,"1\$aBoardman, John.","10$aGreek Sculpture: The Classical Period, a Handbook (World of Art).","\1$bThames & Hudson, $c1985.",\\$a252  p.,"\\$aGreek Sculpture: The Classical Period, a Handbook (World of Art) by John Boardman (1985)",,,\\$aYour library,00524     2200181 i 4500
\\,\\,\\,,\\$aMePoLT $cMePoLT $erda,\4$aBS 2585 .L72 1958,\4$a226.3,"1\$aLightfoot, R. H.",10$aThe Gospel message of St. Mark.,,\\$a116  p.,\\$aThe Gospel message of St. Mark by R. H. Lightfoot (1958),\\$aPaperback reprint,,\\$aYour library,00428     2200169 i 4500
\\,\\,\\,\\$a0292715447,\\$aMePoLT $cMePoLT $erda,\4$aPA 3968 .D6 R5 1985,\4$a615.321,"1\$aRiddle, John M.",10$aDioscorides on Pharmacy and Medicine (History of Science Series).,,\\$a298  p.,\\$aDioscorides on Pharmacy and Medicine (History of Science Series) by John M. Riddle (1985),,,\\$aYour library,00491     2200169 i 4500
\\,\\,\\,,\\$aMePoLT $cMePoLT $erda,\4$aDE 8 .F67 1983,\4$a949.5,"1\$aFornara, Charles William.",10$aNature of History in Ancient Greece and Rome.,"\1$bCalifornia, $c1983.",,\\$aNature of History in Ancient Greece and Rome by Charles William Fornara (1983),,,\\$aYour library,00447     2200157 i 4500
\\,\\,\\,,\\$aMePoLT $cMePoLT $erda,\4$aPA 3893 .E6 1894 (copy 2),\4$a171.3,1\$aAristotle.,10$aAristotelis Ethica Nicomachea.,,\\$a264  p.,\\$aAristotelis Ethica Nicomachea by Aristotle (1894),,,\\$aYour library,00388     2200157 i 4500
\\,\\,\\,\\$a0472089404,\\$aMePoLT $cMePoLT $erda,\4$aNB 155 .V47 1977,\4$a733,"1\$aVermeule, Cornelius C.",10$aGreek Sculpture and Roman Taste: The Purpose and Setting of Graeco-Roman Art in Italy and the Greek Imperial East (Jerome lectures).,"\1$bUniv of Michigan Pr, $c1977.",\\$a208  p.,\\$aGreek Sculpture and Roman Taste: The Purpose and Setting of Graeco-Roman Art in Italy and the Greek Imperial East (Jerome lectures) by Cornelius C. Vermeule (1977),,,\\$aYour library,00676     2200181 i 4500
\\,\\,\\,,\\$aMePoLT $cMePoLT $erda,\4$aDE 8 .M73 1966,\4$a907.2,"1\$aMomigliano, A.D.",10$aStudies in Historiography.,"\1$aHarper (1966), Edition $b 1st THUS, Paperback, $c1966.",,\\$aStudies in Historiography by A.D. Momigliano (1966),,,\\$aYour library,00426     2200157 i 4500
\\,\\,\\,,\\$aMePoLT $cMePoLT $erda,\4$aBL 1585 .C91 1956,\4$a295,"1\$aCumont, Franz.",10$aThe Mysteries of Mithra translated from the French.,"\1$aDover (1956), Edition $b paper edition, Paperback, $c1956.",,\\$aThe Mysteries of Mithra translated from the French by Franz Cumont (1956),,,\\$aYour library,00476     2200157 i 4500
\\,\\,\\,\\$a0313204772,\\$aMePoLT $cMePoLT $erda,\4$aNA 325. T5 H3 1978,\4$a725.8220937,"1\$aHanson, John Arthur.",10$aRoman Theater Temples.,"\1$aGreenwood Pub Group (1959), Edition $b New edition, Hardcover, 112 pages, $c1959.",\\$a112  p.,\\$aRoman Theater Temples by John Arthur Hanson (1978),,,\\$aYour library,00513     2200181 i 4500
\\,\\,\\,,\\$aMePoLT $cMePoLT $erda,\4$aPA 3892 .M2 D66,,1\$aAristotle.,10$aAristotelis qui fertur de Melisso Xenophane Gorgia libellus.,"\1$aBerlin  $b K. Akademie der Wissenschaften, 1900",\\$a40  p.,\\$aAristotelis qui fertur de Melisso Xenophane Gorgia libellus by Aristotle (1900),,,\\$aYour library,00478     2200157 i 4500
\\,\\,\\,\\$a3519076314,\\$aMePoLT $cMePoLT $erda,\4$aBL 2443 .B6 1996,\4$a299.31,"1\$aBricault, Laurent.","10$aMyrionymi: Les epicleses grecques et latines d&#039;Isis, de Sarapis et d&#039;Anubis (Beitrage zur Altertumskunde) (French Edition).","\1$bTeubner, $c1996.",\\$a136  p.,"\\$aMyrionymi: Les epicleses grecques et latines d&#039;Isis, de Sarapis et d&#039;Anubis (Beitrage zur Altertumskunde) (French Edition) by Laurent Bricault (1996)",,,\\$aYour library,00660     2200181 i 4500
\\,\\,\\,,\\$aMePoLT $cMePoLT $erda,\4$aPA 4008 .H2 1892,\4$a882.01,1\$aHerondas.,10$aHerondae Mimiambi.,,,\\$aHerondae Mimiambi by Herondas (1892),,,\\$aYour library,00330     2200145 i 4500
\\,\\,\\,\\$a0801406331,\\$aMePoLT $cMePoLT $erda,\4$aBL 2456 .I7 W83 ,\4$a299.31,"1\$aWitt, R E.",10$aIsis in the Graeco-Roman World (Aspects of Greek and Roman Life).,"\1$bCornell University Press, $c1971.",\\$a336  p.,\\$aIsis in the Graeco-Roman World (Aspects of Greek and Roman Life) by R E Witt (1971),,,\\$aYour library,00525     2200181 i 4500
\\,\\,\\,\\$a3525257325,\\$aMePoLT $cMePoLT $erda,\4$aPA 2069 .H36 1976,\4$a475,"1\$aHapp, Heinz.",10$aGrundfragen einer Dependenz-Grammatik des Lateinischen.,"\1$aG&ouml;ttingen  $b Vandenhoeck & Ruprecht, 1976.",\\$a597  p.,\\$aGrundfragen einer Dependenz-Grammatik des Lateinischen by Heinz Happ (1976),,,\\$aYour library,00522     2200181 i 4500
\\,\\,\\,,\\$aMePoLT $cMePoLT $erda,\4$aPA 4008 .H2 1904,,"1\$aCrusius, Otto [Ed].",10$aHerondae Mimiambi. Accedunt Phoenicis Coronistae Mattii Mimiamborum Fragmenta. Edidit Otto Crusius..,"\1$aLeipzig $b Teubner. (Bibliotheca Scriptorum Graecorum et Romanorum Teubneriana), $cBibliotheca Scriptorum Graecorum et Romanorum Teubneriana.",,\\$aHerondae Mimiambi. Accedunt Phoenicis Coronistae Mattii Mimiamborum Fragmenta. Edidit Otto Crusius. by Otto [Ed] Crusius (1904),,,\\$aYour library,00646     2200145 i 4500
\\,\\,\\,\\$a0559058004,\\$aMePoLT $cMePoLT $erda,\4$aBL 25. L4 no.1,\4$a900,"1\$aNilsson, Martin P.",10$aGreek Popular Religion.,"\1$bBiblioLife, $c2009.",\\$a160  p.,\\$aGreek Popular Religion by Martin P. Nilsson (2009),,,\\$aYour library,00439     2200181 i 4500
\\,\\,\\,,\\$aMePoLT $cMePoLT $erda,\4$aPA 2071 .K41 1946,\4$a475.1,"1\$aKent, Roland Grubb.",10$aThe forms of Latin: a descriptive and historical morphology.,,\\$a162  p.,\\$aThe forms of Latin: a descriptive and historical morphology by Roland Grubb Kent (1946),,,\\$aYour library,00457     2200157 i 4500
\\,\\,\\,,\\$aMePoLT $cMePoLT $erda,\4$aPA 3969 .A2 1916,\4$a188,1\$aEpictetus.,10$aEpicteti Dissertationes ab Arriano digestae.,,\\$acxv; 496  p.,\\$aEpicteti Dissertationes ab Arriano digestae by Epictetus. (1916),,\\$amissing,\\$aYour library,00435     2200169 i 4500
\\,\\,\\,,\\$aMePoLT $cMePoLT $erda,\4$aPA 2071 .L6 1894,\4$a475,"1\$aLindsay, Wallace M.","10$aThe Latin language; an historical account of Latin sounds, stems and flexions.",\1$aOxford  $b Clarendon Press 1894.,\\$axxviii; 659  p.,"\\$aThe Latin language; an historical account of Latin sounds, stems and flexions by Wallace M. Lindsay (1894)",,,\\$aYour library,00547     2200169 i 4500
\\,\\,\\,,\\$aMePoLT $cMePoLT $erda,\4$aPA 2071 .P174 la 1954,\4$a470.9,"1\$aPalmer, Leonard Robert.",10$aThe Latin language.,,\\$a372  p.,\\$aThe Latin language by Leonard Robert Palmer (1954),,,\\$aYour library,00387     2200157 i 4500
\\,\\,\\,,\\$aMePoLT $cMePoLT $erda,\4$aPA 2071 .S6 1902,\4$a475,"1\$aSommer, Ferdinand.",10$aHandbuch der lateinischen Laut- und Formenlehre: eine Einf hrung in das Sprachwissenschaftliche Studium des Lateins.,,\\$axxiii; 693  p.,\\$aHandbuch der lateinischen Laut- und Formenlehre: eine Einf hrung in das Sprachwissenschaftliche Studium des Lateins by Ferdinand Sommer (1902),,,\\$aYour library,00571     2200157 i 4500
\\,\\,\\,,\\$aMePoLT $cMePoLT $erda,\4$aPA 2072 .N48 1892,,"1\$aNeue, Christian Friedrich.",10$aFormenlehre der lateinischen sprache (vols. 1-4).,"\1$aLeipzig  $b O. R. Reisland, 1892-1905.",,\\$aFormenlehre der lateinischen sprache (vols. 1-4) by Christian Friedrich Neue (1892),,\\$a4 vols,\\$aYour library,00480     2200157 i 4500
\\,\\,\\,,\\$aMePoLT $cMePoLT $erda,\4$aREF-PA 2079 .A44 1975,\4$a477,"1\$aAllen, Joseph Henry.",10$aAllen and Greenough&#039;s New Latin grammar for schools and colleges.,,\\$ax; 490  p.,\\$aAllen and Greenough&#039;s New Latin grammar for schools and colleges by Joseph Henry Allen (1903),,\\$areference $a2 copies,\\$aYour library,00520     2200169 i 4500
\\,\\,\\,\\$a8870625354,\\$aMePoLT $cMePoLT $erda,\4$aDG 101 .S241 1983,\4$a394.120937,"1\$aRicotti, Eugenia Salza Prina.",10$aL'Arte del Convito nella Roma Antica: Con 90 Ricette.,"\1$aRome $b L'Erma di Bretschneider, 1983.",\\$a313  p.,\\$aL'arte del convito nella Roma antica: Con 90 ricette (Studia archaeologica) (Italian Edition) by Eugenia Salza Prina Ricotti (1983),,,\\$aYour library,00590     2200181 i 4500
\\,\\,\\,,\\$aMePoLT $cMePoLT $erda,\4$aPA 3969 .Z9 1927,,"1\$aOldfather, W.A.",10$aContributions toward a Bibliography of Epictetus.,,,\\$aContributions toward a Bibliography of Epictetus by W.A Oldfather (1927),,,\\$aYour library,00380     2200133 i 4500
\\,\\,\\,,\\$aMePoLT $cMePoLT $erda,\4$aPA 25 .H2 v.2.2.,,"1\$aLeumann, Manu.",10$aLateinische Grammatik: 2 B nde.,,,\\$aLateinische Grammatik: 2 B nde by Manu Leumann (1963),,,\\$aYour library,00342     2200133 i 4500
\\,\\,\\,,\\$aMePoLT $cMePoLT $erda,\4$aPA 2087 .H24 1945,\4$a420,"1\$aHenle, Robert John.",10$aLatin grammar for high schools.,,\\$aix; 259  p.,\\$aLatin grammar for high schools by Robert John Henle (1945),,\\$amissing,\\$aYour library,00425     2200169 i 4500
\\,\\,\\,,\\$aMePoLT $cMePoLT $erda,\4$aPA 4008 .H2 E5 1979,,1\$aHerondas.,10$aHerodas: The Mimes and Fragments.,"\1$bCambridge University Press, $c1966.",,\\$aHerodas: The Mimes and Fragments by Herondas (1966),,,\\$aYour library,00391     2200145 i 4500
\\,\\,\\,\\$a0801411629,\\$aMePoLT $cMePoLT $erda,\4$aPA 3915.4 .S67 1980,\4$a123/.7092,"1\$aSorabji, Richard.","10$aNecessity, cause, and blame: perspectives on Aristotle's theory.",,\\$axv; 326  p.,"\\$aNecessity, cause, and blame : perspectives on Aristotle's theory by Richard Sorabji (1980)",,,\\$aYour library,00499     2200169 i 4500
\\,\\,\\,,\\$aMePoLT $cMePoLT $erda,\4$aPA 2087 .A682 1956,\4$a808.0471,"1\$aArnold, Thomas Kerchever.","10$a'Bradley's Arnold', Latin prose composition.","\1$aNew York/London $b Longman, 1956",,"\\$a'Bradley's Arnold', Latin prose composition by Thomas Kerchever Arnold (1938)",,,\\$aYour library,00465     2200157 i 4500
\\,\\,\\,,\\$aMePoLT $cMePoLT $erda,\4$aDE 59 .C59 2000,\4$a937.6,"1\$aConnolly, Peter; Dodge, Hazel.",10$aThe Ancient City: Life in Classical Athens & Rome --1998 publication..,"\1$bOUP,1998, $c1998.",,"\\$aThe Ancient City: Life in Classical Athens & Rome --1998 publication. by Peter; Dodge Connolly, Hazel (1998)",,,\\$aYour library,00506     2200157 i 4500
\\,\\,\\,\\$a0788506153,\\$aMePoLT $cMePoLT $erda,\4$aPA 4244 .M255 A213 1999,\4$a883.01,"1\$aOlson, S. Douglas.","10$aMatro Of Pitane and the Tradition Of Epic Parody in the Fourth Century BCE: Text, Translation, and Commentary (American Philological Association American Classical Studies Series).","\1$bAn American Philological Association Book, $c1999.",\\$a192  p.,"\\$aMatro Of Pitane and the Tradition Of Epic Parody in the Fourth Century BCE: Text, Translation, and Commentary (American Philological Association American Classical Studies Series) by S. Douglas Olson (1999)",,,\\$aYour library,00795     2200181 i 4500
\\,\\,\\,,\\$aMePoLT $cMePoLT $erda,\4$aDG 103 .T76 1971,\4$a393.0937,"1\$aToynbee, J. M. C.",10$aDeath and Burial in the Roman World.,"\1$aIthaca $b Cornell University Press, 1971.",,\\$aDeath and Burial in the Roman World by J. M. C. Toynbee (1971),,,\\$aYour library,00441     2200157 i 4500
\\,\\,\\,\\$a0631218904,\\$aMePoLT $cMePoLT $erda,\4$aDE 59 .H71 2000,\4$a909.09822,"1\$aHorden, Peregrine.",10$aThe Corrupting Sea: A Study of Mediterranean History.,"\1$bWiley-Blackwell, $c2000.",\\$a776  p.,\\$aThe Corrupting Sea: A Study of Mediterranean History by Peregrine Horden (2000),,,\\$aYour library,00510     2200181 i 4500
\\,\\,\\,\\$a0686224906,\\$aMePoLT $cMePoLT $erda,\4$aPA 3922 .R31 1971,\4$a001.5,"1\$aRosenfield, Lawrence W.",10$aAristotle and Information Theory: A Comparison of the Influence of Casual Assumptions on Two Theories of Communication.,,,\\$aAristotle and Information Theory: A Comparison of the Influence of Casual Assumptions on Two Theories of Communication by Lawrence W. Rosenfield (1971),,,\\$aYour library,00587     2200157 i 4500
\\,\\,\\,,\\$aMePoLT $cMePoLT $erda,\4$aBS 2825 . O28 1928,,1\$aOecumenius.,"10$aThe complete commentary of Oecumenius on the Apocalypse,: Now printed for the first time from manuscripts at Messina, Rome, Salonika, and Athos, (University of Michigan studies. Humanistic series).","\1$bUniversity of Michigan, $c1928.",,"\\$aThe complete commentary of Oecumenius on the Apocalypse,: Now printed for the first time from manuscripts at Messina, Rome, Salonika, and Athos, (University of Michigan studies. Humanistic series) by Oecumenius (1928)",,,\\$aYour library,00718     2200145 i 4500
\\,\\,\\,,\\$aMePoLT $cMePoLT $erda,\4$aPA 3970 .E2 1813,,1\$aEpicurus.,10$aPhysica et Meteorologica.,,,\\$aPhysica et Meteorologica by Epicurus (1813),,,\\$aYour library,00321     2200133 i 4500
\\,\\,\\,,\\$aMePoLT $cMePoLT $erda,\4$aDE 71 .B38 2004,\4$a320.8,"1\$aBell, Andrew.",10$aSpectacular Power in the Greek and Roman City.,"\1$bOXFORD UNIVERSITY PRESS, $c2004.",,\\$aSpectacular Power in the Greek and Roman City by Andrew Bell (2004),,,\\$aYour library,00439     2200157 i 4500
\\,\\,\\,,\\$aMePoLT $cMePoLT $erda,\4$aPA 3970 .E2 1887,\4$a187,1\$aEpicurus.,10$aEpicurea.,,\\$alxxviii; 445  p.,\\$aEpicurea by Epicurus (1966),,,\\$aYour library,00342     2200157 i 4500
\\,\\,\\,\\$a006065581X,\\$aMePoLT $cMePoLT $erda,\4$aBS 2860 .T5 A3 1992,\4$a229.8,"1\$aMeyer, Marvin.",10$aThe Gospel of Thomas: The Hidden Sayings of Jesus.,"\1$aHarperOne (1992), Edition $b 2nd, Hardcover, 144 pages, $c1992.",\\$a144  p.,\\$aThe Gospel of Thomas: The Hidden Sayings of Jesus by Marvin Meyer (1992),,,\\$aYour library,00534     2200181 i 4500
\\,\\,\\,,\\$aMePoLT $cMePoLT $erda,\4$aNB 91 .A7 B86 1908,,"1\$aSmith, Cecil.",10$aA guide to the Sculptures of the parthenon in the British Museum.,"\1$bLondon British Museum, $c1908.",,\\$aA guide to the Sculptures of the parthenon in the British Museum by Cecil Smith (1908),,,\\$aYour library,00456     2200145 i 4500
\\,\\,\\,\\$a0742641996,\\$aMePoLT $cMePoLT $erda,\4$aPA 3923 .C777 1922,,"1\$aCooper, Lane.","10$aAn Aristotelian theory of comedy, with an adaptation of the Poetics, and a translation of the 'Tractatus Coislinianus,'.",,\\$a323  p.,"\\$aAn Aristotelian theory of comedy, with an adaptation of the Poetics, and a translation of the 'Tractatus Coislinianus,' by Lane, Cooper (1922)",,,\\$aYour library,00572     2200157 i 4500
\\,\\,\\,,\\$aMePoLT $cMePoLT $erda,\4$aPA 4009 .A2 1878,\4$a888.05,1\$aHesiod.,10$aCarmina.,"\1$aLipsiae  $b Teubner, 1878.",\\$axcviii; 444  p.,\\$aCarmina by Hesiod. (1878),,,\\$aYour library,00381     2200169 i 4500
\\,\\,\\,\\$a0900768886,\\$aMePoLT $cMePoLT $erda,\4$aPA 3923 .G18 1971,\4$a801,"1\$aGulley, Norman.",10$aAristotle on the Purposes of Literature.,,\\$a18  p.,\\$aAristotle on the Purposes of Literature by Norman Gulley (1971),,,\\$aYour library,00433     2200169 i 4500
\\,\\,\\,,\\$aMePoLT $cMePoLT $erda,\4$aPA 3970 .E2 1928,,1\$aEpicurus.,10$aEpicuri et Epicureorum scripta: in Herculanensibus papyris servata.,,\\$aXVIII; 159  p.,\\$aEpicuri et Epicureorum scripta: in Herculanensibus papyris servata by Epicurus (1928),,,\\$aYour library,00436     2200145 i 4500
\\,\\,\\,,\\$aMePoLT $cMePoLT $erda,\4$aBS 2900 .B4 1934,,"1\$aBonner, Campbell.","10$aA papyrus codex of the Shepherd of Hermas (Similitudes 2-9), with a fragment of the Mandates.",,\\$axi; 137  p.,"\\$aA papyrus codex of the Shepherd of Hermas (Similitudes 2-9), with a fragment of the Mandates by Campbell Bonner (1934)",,,\\$aYour library,00500     2200145 i 4500
\\,\\,\\,,\\$aMePoLT $cMePoLT $erda,\4$aPA 4009 .A2 1913,\4$a888.05,1\$aHesiod.,10$aHesiodi carmina.,"\1$aLipsiae  $b B.G. Teubner, 1913.",\\$av; 273  p.,\\$aHesiodi carmina by Hesiod. (1913),,,\\$aYour library,00397     2200169 i 4500
\\,\\,\\,\\$a0520048032,\\$aMePoLT $cMePoLT $erda,\4$aDG 107 .G12,\4$a382.093,"1\$aGarnsey, Peter.",10$aTrade in the Ancient Economy.,"\1$bUniv of California Pr, $c1983.",\\$a255  p.,\\$aTrade in the Ancient Economy by Peter Garnsey (1983),,,\\$aYour library,00456     2200181 i 4500
\\,\\,\\,\\$a3815415357,\\$aMePoLT $cMePoLT $erda,\4$aPA 4244 .M27 T7 1994,\4$a184,"1\$aTyrius/Trapp, Maximus.",10$aDissertationes CB (Bibliotheca scriptorum Graecorum et Romanorum Teubneriana) (Greek Edition).,"\1$bThe University of Michigan Press, $c1998.",\\$a377  p.,\\$aDissertationes CB (Bibliotheca scriptorum Graecorum et Romanorum Teubneriana) (Greek Edition) by Maximus Tyrius/Trapp (1998),,,\\$aYour library,00616     2200181 i 4500
\\,\\,\\,,\\$aMePoLT $cMePoLT $erda,\4$aPA 4009 .O7 1932,\4$a881.01,1\$aHesiod.,10$aWorks and Days.,"\1$aLondon $b Macmillan 1932. (1932), Hardcover, $c1932.",,\\$aWorks and Days by Hesiod (1932),,,\\$aYour library,00387     2200157 i 4500
\\,\\,\\,\\$a9519529543,\\$aMePoLT $cMePoLT $erda,\4$aBL 610 .B53 1996,\4$a292.2,"1\$aPakkanen, Petra.",10$aInterpreting early Hellenistic religion: A study based on the mystery cult of Demeter and the cult of Isis (Papers and monographs of the Finnish Institute at Athens).,"\1$bSuomen Ateenan-instituutin saatio, $c1996.",\\$a175  p.,\\$aInterpreting early Hellenistic religion: A study based on the mystery cult of Demeter and the cult of Isis (Papers and monographs of the Finnish Institute at Athens) by Petra Pakkanen (1996),,,\\$aYour library,00747     2200181 i 4500
\\,\\,\\,,\\$aMePoLT $cMePoLT $erda,\4$aPA 3926 .Z8 B6 1955,\4$a185,"1\$aBonitz, Hermann.",10$aIndex Aristotelicus.,,,\\$aIndex Aristotelicus by Hermann Bonitz (1955),,,\\$aYour library,00347     2200145 i 4500
\\,\\,\\,,\\$aMePoLT $cMePoLT $erda,\4$aPA 2087 .H7 B2 1966,\4$a478.242,"1\$aHale, William Gardner.",10$aA Latin grammar.,,\\$axi; 388  p.,\\$aA Latin grammar by William Gardner Hale (1966),,,\\$aYour library,00383     2200157 i 4500
\\,\\,\\,,\\$aMePoLT $cMePoLT $erda,\4$aPA 3971 .A2 1883,\4$a516,1\$aEuclid.,10$aEuclidis Elementa I-IV.,,,\\$aEuclidis Elementa I-IV by Euclid (1883),,,\\$aYour library,00333     2200145 i 4500
\\,\\,\\,\\$a0674033876,\\$aMePoLT $cMePoLT $erda,\4$aBL 610 .B87 1987,\4$a200,"1\$aBurkert, Walter.",10$aAncient Mystery Cults (Carl Newell Jackson Lectures).,"\1$bHarvard University Press, $c1989.",\\$a181  p.,\\$aAncient Mystery Cults (Carl Newell Jackson Lectures) by Walter Burkert (1989),,,\\$aYour library,00510     2200181 i 4500
\\,\\,\\,\\$a0521837499,\\$aMePoLT $cMePoLT $erda,\4$aAE 2 .I833 I75 2006,\4$a032,"1\$aIsidore, of Seville.",10$aThe etymologies of Isidore of Seville.,"\1$aCambridge ; New York  $b Cambridge University Press, 2006.",\\$axii; 475  p.,\\$aThe etymologies of Isidore of Seville by of Seville Isidore (2006),,,\\$aYour library,00521     2200181 i 4500
