008,100,245,500,856,LDR
070529s9999    xx            000 0 und d,"Amundsen, Roald, 1872-1928.",The South Pole [electronic resource].,An ebook provided by Project Gutenberg Australia.,http://gutenberg.net.au/ebooks/e00111.txt,00304nam  2200085ua 45e0
070529s9999    xx            000 0 und d,"Banfield, E. J. (Edmund James), 1852-1923.",My Tropic Isle [electronic resource].,An ebook provided by Project Gutenberg Australia.,http://gutenberg.net.au/ebooks/e00004.txt,00320nam  2200085ua 45e0
070529s9999    xx            000 0 und d,"Banfield, E. J. (Edmund James), 1852-1923.",Tropic Days [electronic resource].,An ebook provided by Project Gutenberg Australia.,http://gutenberg.net.au/ebooks/e00005.txt,00317nam  2200085ua 45e0
070529s9999    xx            000 0 und d,"Banfield, E. J. (Edmund James), 1852-1923.",Confessions of a Beachcomber [electronic resource].,An ebook provided by Project Gutenberg Australia.,http://gutenberg.net.au/ebooks/e00056.html,00335nam  2200085ua 45e0
070529s9999    xx            000 0 und d,"Becke, Louis, 1855-1913.",By Reef and Palm and Other Stories [electronic resource].,An ebook provided by Project Gutenberg Australia.,http://gutenberg.net.au/ebooks/e00001.txt,00321nam  2200085ua 45e0
070529s9999    xx            000 0 und d,"Becke, Louis, 1855-1913.",By Rock and Pool and Other Stories [electronic resource].,An ebook provided by Project Gutenberg Australia.,http://gutenberg.net.au/ebooks/e00002.txt,00321nam  2200085ua 45e0
070529s9999    xx            000 0 und d,"Becke, Louis, 1855-1913.",The Naval Pioneers of Australia [electronic resource].,An ebook provided by Project Gutenberg Australia.,http://gutenberg.net.au/ebooks/e00003.txt,00318nam  2200085ua 45e0
070529s9999    xx            000 0 und d,"Beetson, Joseph Livesley, 1859-1921.",Five Months an Anzac [electronic resource].,An ebook provided by Project Gutenberg Australia.,http://gutenberg.net.au/ebooks/e00006.txt,00319nam  2200085ua 45e0
070529s9999    xx            000 0 und d,"Belt, Thomas, 1832-1878.",The Naturalist in Nicaragua [electronic resource].,An ebook provided by Project Gutenberg Australia.,http://gutenberg.net.au/ebooks/e00007.txt,00314nam  2200085ua 45e0
070529s9999    xx            000 0 und d,"Bligh, William, 1754-1817.",Voyage to the South Sea [electronic resource].,An ebook provided by Project Gutenberg Australia.,http://gutenberg.net.au/ebooks/e00041.html,00313nam  2200085ua 45e0
070529s9999    xx            000 0 und d,"Bligh, William, 1754-1817.",Narrative of the Mutiny on Board His Majesty's Ship Bounty [electronic resource].,An ebook provided by Project Gutenberg Australia.,http://gutenberg.net.au/ebooks/e00085.txt,00347nam  2200085ua 45e0
070529s9999    xx            000 0 und d,"Boldrewood, Rolf, 1826-1915.",Robbery Under Arms [electronic resource].,An ebook provided by Project Gutenberg Australia.,http://gutenberg.net.au/ebooks/e00008.txt,00309nam  2200085ua 45e0
070529s9999    xx            000 0 und d,"Boldrewood, Rolf, 1826-1915.",Shearing in the Riverina [electronic resource].,An ebook provided by Project Gutenberg Australia.,http://gutenberg.net.au/ebooks/e00009.txt,00315nam  2200085ua 45e0
070529s9999    xx            000 0 und d,"Cambridge, Ada, 1844-1926.",Sisters [electronic resource].,An ebook provided by Project Gutenberg Australia.,http://gutenberg.net.au/ebooks/e00019.txt,00296nam  2200085ua 45e0
070529s9999    xx            000 0 und d,"Carboni, Raffaello, 1817-1875.",The Eureka Stockade [electronic resource].,An ebook provided by Project Gutenberg Australia.,http://gutenberg.net.au/ebooks/e00015.txt,00312nam  2200085ua 45e0
070529s9999    xx            000 0 und d,"aCarnegie, David W. (David Wynford), 1871-1900.",Spinifex and Sand [electronic resource].,An ebook provided by Project Gutenberg Australia.,http://gutenberg.net.au/ebooks/e00042.html,00329nam  2200085ua 45e0
070529s9999    xx            000 0 und d,"Clacy, Charles, Mrs.",A Lady's Visit to the Gold Diggings [electronic resource].,An ebook provided by Project Gutenberg Australia.,http://gutenberg.net.au/ebooks/e00017.txt,00318nam  2200085ua 45e0
070529s9999    xx            000 0 und d,"Clarke, Marcus, 1846-1881.",For the Term of His Natural Life [electronic resource].,An ebook provided by Project Gutenberg Australia.,http://gutenberg.net.au/ebooks/e00016.txt,00321nam  2200085ua 45e0
070529s9999    xx            000 0 und d,"Collins, David, 1756-1810.",Account of the English Colony in NSW. Vol. 1 [electronic resource].,An ebook provided by Project Gutenberg Australia.,http://gutenberg.net.au/ebooks/e00010.html,00335nam  2200085ua 45e0
070529s9999    xx            000 0 und d,"Collins, David, 1756-1810.",Account of the English Colony in NSW. Vol. 1 [electronic resource].,An ebook provided by Project Gutenberg Australia.,http://gutenberg.net.au/ebooks/e00011.html,00335nam  2200085ua 45e0
070529s9999    xx            000 0 und d,"aFurphy, Joseph, 1843-1912.",Such is Life [electronic resource] / Tom Collins.,An ebook provided by Project Gutenberg Australia.,http://gutenberg.net.au/ebooks/e00020.txt,00317nam  2200085ua 45e0
070529s9999    xx            000 0 und d,"Cook, James, 1728-1779.","Captain Cook's Journal, First Voyage [electronic resource].",An ebook provided by Project Gutenberg Australia.,http://gutenberg.net.au/ebooks/e00043.html,00323nam  2200085ua 45e0
070529s9999    xx            000 0 und d,"Cook, James, 1728-1779.",A Voyage Towards the South Pole and Round the World. Volume 1 [electronic resource].,An ebook provided by Project Gutenberg Australia.,http://gutenberg.net.au/ebooks/e00044.html,00349nam  2200085ua 45e0
070529s9999    xx            000 0 und d,"Cook, James, 1728-1779.",A Voyage Towards the South Pole and Round the World. Volume 1 [electronic resource].,An ebook provided by Project Gutenberg Australia.,http://gutenberg.net.au/ebooks/e00045.html,00349nam  2200085ua 45e0
070529s9999    xx            000 0 und d,"Dampier, William, 1652-1715.",Voyage to New Holland [electronic resource].,An ebook provided by Project Gutenberg Australia.,http://gutenberg.net.au/ebooks/e00046.html,00313nam  2200085ua 45e0
070529s9999    xx            000 0 und d,"Dampier, William, 1652-1715.",Comtinuation of a Voyage to New Holland [electronic resource].,An ebook provided by Project Gutenberg Australia.,http://gutenberg.net.au/ebooks/e00047.html,00331nam  2200085ua 45e0
070529s9999    xx            000 0 und d,"Rougemont, Louis de, 1847-1921.",The Adventures of Louis de Rougemont [electronic resource].,An ebook provided by Project Gutenberg Australia.,http://gutenberg.net.au/ebooks/e00012.txt,00330nam  2200085ua 45e0
070529s9999    xx            000 0 und d,"Dennis, C. J. (Clarence James), 1876-1938.",The Songs of a Sentimental Bloke [electronic resource].,An ebook provided by Project Gutenberg Australia.,http://gutenberg.net.au/ebooks/e00018.txt,00338nam  2200085ua 45e0
070529s9999    xx            000 0 und d,"Dennis, C. J. (Clarence James), 1876-1938.",Digger Smith [electronic resource].,An ebook provided by Project Gutenberg Australia.,http://gutenberg.net.au/ebooks/e00057.html,00319nam  2200085ua 45e0
070529s9999    xx            000 0 und d,"Dennis, C. J. (Clarence James), 1876-1938.",A Book for Kids [electronic resource].,An ebook provided by Project Gutenberg Australia.,http://gutenberg.net.au/ebooks/e00061.html,00322nam  2200085ua 45e0
070529s9999    xx            000 0 und d,"Dennis, C. J. (Clarence James), 1876-1938.",The Glugs of Gosh [electronic resource].,An ebook provided by Project Gutenberg Australia.,http://gutenberg.net.au/ebooks/e00062.html,00324nam  2200085ua 45e0
070529s9999    xx            000 0 und d,"Dunderdale, George, 1822-1903.",Book of the Bush [electronic resource].,An ebook provided by Project Gutenberg Australia.,http://gutenberg.net.au/ebooks/e00014.html,00310nam  2200085ua 45e0
070529s9999    xx            000 0 und d,"Dyson, Edward, 1865-1931.","Hello, Soldier! [electronic resource].",An ebook provided by Project Gutenberg Australia.,http://gutenberg.net.au/ebooks/e00103.txt,00303nam  2200085ua 45e0
070529s9999    xx            000 0 und d,"Dyson, Edward, 1865-1931.",In the Roaring Fifties [electronic resource].,An ebook provided by Project Gutenberg Australia.,http://gutenberg.net.au/ebooks/e00104.txt,00310nam  2200085ua 45e0
070529s9999    xx            000 0 und d,"Dyson, Edward, 1865-1931.",The Gold-Stealers [electronic resource].,An ebook provided by Project Gutenberg Australia.,http://gutenberg.net.au/ebooks/e00105.txt,00305nam  2200085ua 45e0
070529s9999    xx            000 0 und d,"Dyson, Edward, 1865-1931.",The Missing Link [electronic resource].,An ebook provided by Project Gutenberg Australia.,http://gutenberg.net.au/ebooks/e00106.txt,00304nam  2200085ua 45e0
070529s9999    xx            000 0 und d,"aEden, Charles H. (Charles Henry), 1839-1900.",Australian Search Party [electronic resource].,An ebook provided by Project Gutenberg Australia.,http://gutenberg.net.au/ebooks/e00013.txt,00332nam  2200085ua 45e0
070529s9999    xx            000 0 und d,"Eyre, Edward John, 1815-1901.",Journals of Expeditions of Discovery into Central Australia [electronic resource].,An ebook provided by Project Gutenberg Australia.,http://gutenberg.net.au/ebooks/e00048.html,00352nam  2200085ua 45e0
070529s9999    xx            000 0 und d,"Favenc, Ernest, 1845-1908.",The Explorers of Australia and their Life work [electronic resource].,An ebook provided by Project Gutenberg Australia.,http://gutenberg.net.au/ebooks/e00023.txt,00335nam  2200085ua 45e0
070529s9999    xx            000 0 und d,"Flinders, Matthew, 1774-1814.",Voyage to Terra Australis. Vol. 1 [electronic resource].,An ebook provided by Project Gutenberg Australia.,http://gutenberg.net.au/ebooks/e00049.html,00327nam  2200085ua 45e0
070529s9999    xx            000 0 und d,"Flinders, Matthew, 1774-1814.",Voyage to Terra Australis. Vol. 2 [electronic resource].,An ebook provided by Project Gutenberg Australia.,http://gutenberg.net.au/ebooks/e00050.html,00327nam  2200085ua 45e0
070529s9999    xx            000 0 und d,"Forrest, John, Sir, 1847-1918.",Explorations in Australia [electronic resource].,An ebook provided by Project Gutenberg Australia.,http://gutenberg.net.au/ebooks/e00051.html,00320nam  2200085ua 45e0
070529s9999    xx            000 0 und d,"Franklin, Miles, 1879-1954.",My Brilliant Career [electronic resource].,An ebook provided by Project Gutenberg Australia.,http://gutenberg.net.au/ebooks/e00092.txt,00309nam  2200085ua 45e0
070529s9999    xx            000 0 und d,"Gaunt, Mary, 1861-1942.",The Moving Finger [electronic resource].,An ebook provided by Project Gutenberg Australia.,http://gutenberg.net.au/ebooks/e00082.txt,00303nam  2200085ua 45e0
070529s9999    xx            000 0 und d,"Giles, Ernest, 1835-1897.",Australia Twice Traversed [electronic resource].,An ebook provided by Project Gutenberg Australia.,http://gutenberg.net.au/ebooks/e00052.html,00314nam  2200085ua 45e0
070529s9999    xx            000 0 und d,"Gordon, Adam Lindsay, 1833-1870.",The Poems of Adam Lindsay Gordon [electronic resource].,An ebook provided by Project Gutenberg Australia.,http://gutenberg.net.au/ebooks/e00096.txt,00327nam  2200085ua 45e0
070529s9999    xx            000 0 und d,"Gregory, Augustus Charles, Sir, 1819-1905.",Journals of Australian Explorations [electronic resource].,An ebook provided by Project Gutenberg Australia.,http://gutenberg.net.au/ebooks/e00053.html,00342nam  2200085ua 45e0
070529s9999    xx            000 0 und d,"Grey, George, Sir, 1812-1898.",Journals of Two Expeditions of Discovery. Vol. 1 [electronic resource].,An ebook provided by Project Gutenberg Australia.,http://gutenberg.net.au/ebooks/e00054.html,00343nam  2200085ua 45e0
070529s9999    xx            000 0 und d,"Grey, George, Sir, 1812-1898.",Journals of Two Expeditions of Discovery. Vol. 2 [electronic resource].,An ebook provided by Project Gutenberg Australia.,http://gutenberg.net.au/ebooks/e00055.html,00343nam  2200085ua 45e0
070529s9999    xx            000 0 und d,"Hume, Fergus, 1859-1932.",The Mystery of a Hansom Cab [electronic resource].,An ebook provided by Project Gutenberg Australia.,http://gutenberg.net.au/ebooks/e00093.txt,00314nam  2200085ua 45e0
070529s9999    xx            000 0 und d,"Hunter, John, 1737-1821.",Historical Journal of the Transactions at Port Jackson and Norfolk Island [electronic resource].,An ebook provided by Project Gutenberg Australia.,http://gutenberg.net.au/ebooks/e00063.html,00361nam  2200085ua 45e0
070529s9999    xx            000 0 und d,"Jardine, Frank, 1841-1919.",Narrative of an Overland Expedition [electronic resource].,An ebook provided by Project Gutenberg Australia.,http://gutenberg.net.au/ebooks/e00026.html,00325nam  2200085ua 45e0
070529s9999    xx            000 0 und d,"Kendall, Henry, 1839-1882.",The Poems of Henry Kendall [electronic resource].,An ebook provided by Project Gutenberg Australia.,http://gutenberg.net.au/ebooks/e00097.txt,00315nam  2200085ua 45e0
070529s9999    xx            000 0 und d,"King, Phillip Parker, 1791-1856.",Narrative of a Survey of the Intertropical and Western coasts. Vol. 1 [electronic resource].,An ebook provided by Project Gutenberg Australia.,http://gutenberg.net.au/ebooks/e00027.html,00366nam  2200085ua 45e0
070529s9999    xx            000 0 und d,"King, Phillip Parker, 1791-1856.",Narrative of a Survey of the Intertropical and Western coasts. Vol. 2 [electronic resource].,An ebook provided by Project Gutenberg Australia.,http://gutenberg.net.au/ebooks/e00028.html,00366nam  2200085ua 45e0
070529s9999    xx            000 0 und d,"Kingsley, Henry, 1830-1876.",The Recollections of Geoffrey Hamlyn [electronic resource].,An ebook provided by Project Gutenberg Australia.,http://gutenberg.net.au/ebooks/e00099.txt,00326nam  2200085ua 45e0
070529s9999    xx            000 0 und d,"Kitson, Arthur, 1860-1937.",The Life of Captain James Cook [electronic resource].,An ebook provided by Project Gutenberg Australia.,http://gutenberg.net.au/ebooks/e00088.txt,00319nam  2200085ua 45e0
070529s9999    xx            000 0 und d,"Landor, E. W. (Edward Willson), 1811-1878.","The Bushman, Life in a New Country [electronic resource].",An ebook provided by Project Gutenberg Australia.,http://gutenberg.net.au/ebooks/e00064.html,00341nam  2200085ua 45e0
070529s9999    xx            000 0 und d,"Landsborough, William, 1825-1886.",Journal of Landsborough's Expedition [electronic resource].,An ebook provided by Project Gutenberg Australia.,http://gutenberg.net.au/ebooks/e00029.html,00333nam  2200085ua 45e0
070529s9999    xx            000 0 und d,"Lane, William, 1861-1917.",The Workingman's Paradise [electronic resource] : an Australian Labour Novel.,An ebook provided by Project Gutenberg Australia.,http://gutenberg.net.au/ebooks/e00102.txt,00343nam  2200085ua 45e0
070529s9999    xx            000 0 und d,"Lawson, Henry, 1867-1922.",In the Days when the World was Wide [electronic resource].,An ebook provided by Project Gutenberg Australia.,http://gutenberg.net.au/ebooks/e00024.txt,00323nam  2200085ua 45e0
070529s9999    xx            000 0 und d,"Lawson, Henry, 1867-1922.",Joe Wilson and his Mates [electronic resource].,An ebook provided by Project Gutenberg Australia.,http://gutenberg.net.au/ebooks/e00025.txt,00312nam  2200085ua 45e0
070529s9999    xx            000 0 und d,"Lawson, Henry, 1867-1922.",Over the Sliprails [electronic resource].,An ebook provided by Project Gutenberg Australia.,http://gutenberg.net.au/ebooks/e00079.txt,00306nam  2200085ua 45e0
070529s9999    xx            000 0 und d,"Lawson, Henry, 1867-1922.",On the Track [electronic resource].,An ebook provided by Project Gutenberg Australia.,http://gutenberg.net.au/ebooks/e00080.txt,00300nam  2200085ua 45e0
070529s9999    xx            000 0 und d,"Lawson, Henry, 1867-1922.",Children of the Bush [electronic resource].,An ebook provided by Project Gutenberg Australia.,http://gutenberg.net.au/ebooks/e00107.txt,00308nam  2200085ua 45e0
070529s9999    xx            000 0 und d,"Lawson, Henry, 1867-1922.",While the Billy Boils [electronic resource].,An ebook provided by Project Gutenberg Australia.,http://gutenberg.net.au/ebooks/e00108.txt,00309nam  2200085ua 45e0
070529s9999    xx            000 0 und d,"Lee, Ida, 1865-1943.",Logbooks of the Lady Nelson [electronic resource].,An ebook provided by Project Gutenberg Australia.,http://gutenberg.net.au/ebooks/e00066.html,00311nam  2200085ua 45e0
070529s9999    xx            000 0 und d,"Leichhardt, Ludwig, 1813-1848.",Journal of an Overland Expedition in Australia [electronic resource].,An ebook provided by Project Gutenberg Australia.,http://gutenberg.net.au/ebooks/e00030.html,00340nam  2200085ua 45e0
070529s9999    xx            000 0 und d,"Macgillivray, John, 1822-1867.","Narrative of the Voyage of H.M.S. Rattlesnake, 1846-50. Vol. 1 [electronic resource].",An ebook provided by Project Gutenberg Australia.,http://gutenberg.net.au/ebooks/e00031.html,00357nam  2200085ua 45e0
070529s9999    xx            000 0 und d,"MacGillivray, John, 1822-1867.","Narrative of the Voyage of H.M.S. Rattlesnake, 1846-50. Vol. 2 [electronic resource].",An ebook provided by Project Gutenberg Australia.,http://gutenberg.net.au/ebooks/e00032.html,00357nam  2200085ua 45e0
070529s9999    xx            000 0 und d,"Mann, D. D. (David Dickenson), b. 1775?",The Present Picture of NSW [electronic resource].,An ebook provided by Project Gutenberg Australia.,http://gutenberg.net.au/ebooks/e00098.txt,00329nam  2200085ua 45e0
070529s9999    xx            000 0 und d,"McKinlay, John, 1819-1872.",McKinlay's Journal of Exploration in the Interior of Australia [electronic resource].,An ebook provided by Project Gutenberg Australia.,http://gutenberg.net.au/ebooks/e00033.txt,00351nam  2200085ua 45e0
070529s9999    xx            000 0 und d,"Mitchell, Thomas, Sir, 1792-1855.",Journal of an Expedition into the Interior of Tropical Australia [electronic resource].,An ebook provided by Project Gutenberg Australia.,http://gutenberg.net.au/ebooks/e00034.html,00362nam  2200085ua 45e0
070529s9999    xx            000 0 und d,"Mitchell, Thomas, Sir, 1792-1855.",Three Expeditions into the Interior of Eastern Australia. Vol. 1 [electronic resource].,An ebook provided by Project Gutenberg Australia.,http://gutenberg.net.au/ebooks/e00035.html,00363nam  2200085ua 45e0
070529s9999    xx            000 0 und d,"Mitchell, Thomas, Sir, 1792-1855.",Three Expeditions into the Interior of Eastern Australia. Vol. 2 [electronic resource].,An ebook provided by Project Gutenberg Australia.,http://gutenberg.net.au/ebooks/e00036.html,00363nam  2200085ua 45e0
070529s9999    xx            000 0 und d,"Muskett, Philip E. (Philip Edward).",The Art of Living in Australia [electronic resource].,An ebook provided by Project Gutenberg Australia.,http://gutenberg.net.au/ebooks/e00091.txt,00328nam  2200085ua 45e0
070529s9999    xx            000 0 und d,"Oxley, John, 1783-1828.",Journals of Two Expeditions into the Interior of New South ales [electronic resource].,An ebook provided by Project Gutenberg Australia.,http://gutenberg.net.au/ebooks/e00037.txt,00349nam  2200085ua 45e0
070529s9999    xx            000 0 und d,"Parker, K. Langloh (Katie Langloh), 1856-1940.",Australian Legendary Tales [electronic resource].,An ebook provided by Project Gutenberg Australia.,http://gutenberg.net.au/ebooks/e00021.txt,00336nam  2200085ua 45e0
070529s9999    xx            000 0 und d,"Parker, K. Langloh (Katie Langloh), 1856-1940.",The Euahlayi Tribe [electronic resource].,An ebook provided by Project Gutenberg Australia.,http://gutenberg.net.au/ebooks/e00022.txt,00328nam  2200085ua 45e0
070529s9999    xx            000 0 und d,"Paterson, A. B. (Andrew Barton), 1864-1941.",The Old Bush Songs [electronic resource].,An ebook provided by Project Gutenberg Australia.,http://gutenberg.net.au/ebooks/e00070.txt,00325nam  2200085ua 45e0
070529s9999    xx            000 0 und d,"Paterson, A. B. (Andrew Barton), 1864-1941.",Saltbush Bill [electronic resource].,An ebook provided by Project Gutenberg Australia.,http://gutenberg.net.au/ebooks/e00071.txt,00320nam  2200085ua 45e0
070529s9999    xx            000 0 und d,"Paterson, A. B. (Andrew Barton), 1864-1941.",Three Elephant Power [electronic resource].,An ebook provided by Project Gutenberg Australia.,http://gutenberg.net.au/ebooks/e00072.txt,00327nam  2200085ua 45e0
070529s9999    xx            000 0 und d,"Paterson, A. B. (Andrew Barton), 1864-1941.",The Man from Snowy River [electronic resource].,An ebook provided by Project Gutenberg Australia.,http://gutenberg.net.au/ebooks/e00073.txt,00331nam  2200085ua 45e0
070529s9999    xx            000 0 und d,"Paterson, A. B. (Andrew Barton), 1864-1941.",Rio Grande's Last Race [electronic resource].,An ebook provided by Project Gutenberg Australia.,http://gutenberg.net.au/ebooks/e00074.txt,00329nam  2200085ua 45e0
070529s9999    xx            000 0 und d,"Paterson, A. B. (Andrew Barton), 1864-1941.",An Outback Marriage [electronic resource].,An ebook provided by Project Gutenberg Australia.,http://gutenberg.net.au/ebooks/e00109.txt,00326nam  2200085ua 45e0
070529s9999    xx            000 0 und d,"Pedley, Ethel, 1860-1898.",Dotand the Kangaroo [electronic resource].,An ebook provided by Project Gutenberg Australia.,http://gutenberg.net.au/ebooks/e00081.txt,00307nam  2200085ua 45e0
070529s9999    xx            000 0 und d,"Phillip, Arthur, 1738-1814.",The Voyage of Governor Phillip to Botany Bay [electronic resource].,An ebook provided by Project Gutenberg Australia.,http://gutenberg.net.au/ebooks/e00101.txt,00334nam  2200085ua 45e0
070529s9999    xx            000 0 und d,"Pinkerton, John, 1758-1826.",Early Australian Voyages [electronic resource].,An ebook provided by Project Gutenberg Australia.,http://gutenberg.net.au/ebooks/e00069.html,00315nam  2200085ua 45e0
070529s9999    xx            000 0 und d,"Praed, Campbell, Mrs, 1851-1935.",Lady Bridget in the Never-Never Land [electronic resource] / Rosa Praed.,An ebook provided by Project Gutenberg Australia.,http://gutenberg.net.au/ebooks/e00110.txt,00346nam  2200085ua 45e0
070529s9999    xx            000 0 und d,"Richardson, Henry Handel, 1870-1946.",The Getting of Wisdom [electronic resource].,An ebook provided by Project Gutenberg Australia.,http://gutenberg.net.au/ebooks/e00086.txt,00320nam  2200085ua 45e0
070529s9999    xx            000 0 und d,"Richardson, Henry Handel, 1870-1946.",Maurice Guest [electronic resource].,An ebook provided by Project Gutenberg Australia.,http://gutenberg.net.au/ebooks/e00089.txt,00312nam  2200085ua 45e0
070529s9999    xx            000 0 und d,"Rudd, Steele, 1868-1935.",On Our Selection [electronic resource].,An ebook provided by Project Gutenberg Australia.,http://gutenberg.net.au/ebooks/e00095.txt,00303nam  2200085ua 45e0
070529s9999    xx            000 0 und d,"Scott, Ernest, 1868-1939.",The Life of Matthew Flinders [electronic resource].,An ebook provided by Project Gutenberg Australia.,http://gutenberg.net.au/ebooks/e00065.html,00317nam  2200085ua 45e0
070529s9999    xx            000 0 und d,"Scott, Ernest, 1868-1939.",Terre Napoleon [electronic resource].,An ebook provided by Project Gutenberg Australia.,http://gutenberg.net.au/ebooks/e00067.html,00303nam  2200085ua 45e0
070529s9999    xx            000 0 und d,"Scott, Ernest, 1868-1939.",Laperouse [electronic resource].,An ebook provided by Project Gutenberg Australia.,http://gutenberg.net.au/ebooks/e00078.txt,00297nam  2200085ua 45e0
070529s9999    xx            000 0 und d,"Spence, Catherine Helen, 1825-1910.",An Autobiography [electronic resource].,An ebook provided by Project Gutenberg Australia.,http://gutenberg.net.au/ebooks/e00076.txt,00314nam  2200085ua 45e0
070529s9999    xx            000 0 und d,"Spence, Catherine Helen, 1825-1910.",Mr Hogarth's Will [electronic resource].,An ebook provided by Project Gutenberg Australia.,http://gutenberg.net.au/ebooks/e00077.txt,00315nam  2200085ua 45e0
070529s9999    xx            000 0 und d,"Stevens, Bertram, 1872-1922.",An Anthology of Australian Verse [electronic resource].,An ebook provided by Project Gutenberg Australia.,http://gutenberg.net.au/ebooks/e00075.txt,00323nam  2200085ua 45e0
070529s9999    xx            000 0 und d,"Stokes, J. Lort (John Lort), 1811-1885.",Discoveries in Australia. Vol. 2 [electronic resource].,An ebook provided by Project Gutenberg Australia.,http://gutenberg.net.au/ebooks/e00038.html,00337nam  2200085ua 45e0
070529s9999    xx            000 0 und d,"Stokes, J. Lort (John Lort), 1811-1885.",Discoveries in Australia. Vol. 1 [electronic resource].,An ebook provided by Project Gutenberg Australia.,http://gutenberg.net.au/ebooks/e00039.html,00337nam  2200085ua 45e0
070529s9999    xx            000 0 und d,"Stone, Louis, 1871-1935.",Jonah [electronic resource].,An ebook provided by Project Gutenberg Australia.,http://gutenberg.net.au/ebooks/e00087.txt,00292nam  2200085ua 45e0
070529s9999    xx            000 0 und d,"Stuart, John McDouall, 1815-1866.",Explorations in Australia [electronic resource].,An ebook provided by Project Gutenberg Australia.,http://gutenberg.net.au/ebooks/e00040.html,00322nam  2200085ua 45e0
070529s9999    xx            000 0 und d,"Sturt, Charles, 1795-1869.",Narrative of an Expedition into Central Australia [electronic resource].,An ebook provided by Project Gutenberg Australia.,http://gutenberg.net.au/ebooks/e00058.html,00339nam  2200085ua 45e0
070529s9999    xx            000 0 und d,"Sturt, Charles, 1795-1869.",Two Expeditions into the Interior of Southern Australia [electronic resource].,An ebook provided by Project Gutenberg Australia.,http://gutenberg.net.au/ebooks/e00059.html,00345nam  2200085ua 45e0
070529s9999    xx            000 0 und d,"Swinburne, Gwendolen H. (Gwendolen Hamer).",A Source Book of Australian History [electronic resource].,An ebook provided by Project Gutenberg Australia.,http://gutenberg.net.au/ebooks/e00094.html,00341nam  2200085ua 45e0
070529s9999    xx            000 0 und d,"Tench, Watkin, 1758 or 9-1833.",A Narrative of the Expedition to Botany Bay [electronic resource].,An ebook provided by Project Gutenberg Australia.,http://gutenberg.net.au/ebooks/e00083.txt,00336nam  2200085ua 45e0
070529s9999    xx            000 0 und d,"Tench, Watkin, 1758 or 9-1833.",A Complete Account of the Settlement at Port Jackson [electronic resource].,An ebook provided by Project Gutenberg Australia.,http://gutenberg.net.au/ebooks/e00084.txt,00345nam  2200085ua 45e0
070529s9999    xx            000 0 und d,"Twopenny, R. E. N., 1857-1915.",Town Life in Australia [electronic resource].,An ebook provided by Project Gutenberg Australia.,http://gutenberg.net.au/ebooks/e00100.txt,00315nam  2200085ua 45e0
070529s9999    xx            000 0 und d,"Wentworth, W. C. (William Charles), 1907-2003.","Statistical, Historical and Political Description of the Colony of New South Wales [electronic resource].",An ebook provided by Project Gutenberg Australia.,http://gutenberg.net.au/ebooks/e00068.html,00393nam  2200085ua 45e0
070529s9999    xx            000 0 und d,"Westgarth, William, 1815-1889.",Personal Recollections of Early Melbourne & Victoria [electronic resource].,An ebook provided by Project Gutenberg Australia.,http://gutenberg.net.au/ebooks/e00090.txt,00345nam  2200085ua 45e0
070529s9999    xx            000 0 und d,"Wills, William John, 1834-1861.",Successful Exploration through the Interior of Australia [electronic resource].,An ebook provided by Project Gutenberg Australia.,http://gutenberg.net.au/ebooks/e00060.html,00351nam  2200085ua 45e0
070529s9999    xx            000 0 und d,"Afford, Malcolm, 1906-1954.",The Gland Men of the Island [electronic resource].,An ebook provided by Project Gutenberg of Australia.,http://gutenberg.net.au/ebooks06/0603581h.html,00325nam  2200085ua 45e0
070529s9999    xx            000 0 und d,,Memoirs of William Cox (extract) [electronic resource] / by Anonymous.,An ebook provided by Project Gutenberg of Australia.,http://gutenberg.net.au/ebooks04/0400191.txt,00299nam  2200073ua 45e0
070529s9999    xx            000 0 und d,,The Monster Mine [electronic resource] / Anonymous.,An ebook provided by Project Gutenberg of Australia.,http://gutenberg.net.au/ebooks06/0600901h.html,00282nam  2200073ua 45e0
070529s9999    xx            000 0 und d,"Banfield, E. J. (Edmund James), 1852-1923.",Last Leaves from Dunk Island [electronic resource].,An ebook provided by Project Gutenberg of Australia.,http://gutenberg.net.au/ebooks03/0300451.txt,00340nam  2200085ua 45e0
070529s9999    xx            000 0 und d,"Banks, Joseph, Sir, 1743-1820.",The Endeavour Journal of Sir Joseph Banks [electronic resource].,An ebook provided by Project Gutenberg of Australia.,http://gutenberg.net.au/ebooks05/0501141h.html,00343nam  2200085ua 45e0
070529s9999    xx            000 0 und d,"Barrington, George, 1755-1804.",A Voyage to Botany Bay [electronic resource].,An ebook provided by Project Gutenberg of Australia.,http://gutenberg.net.au/ebooks06/0607421h.html,00323nam  2200085ua 45e0
070529s9999    xx            000 0 und d,"Barrington, George, 1755-1804.",A Sequel To A Voyage to Botany Bay [electronic resource].,An ebook provided by Project Gutenberg of Australia.,http://gutenberg.net.au/ebooks06/0607431h.html,00335nam  2200085ua 45e0
070529s9999    xx            000 0 und d,"Barton, G. B. (George Burnett), 1836-1901.",The Troubles Of Australian Federation [electronic resource].,An ebook provided by Project Gutenberg of Australia.,http://gutenberg.net.au/ebooks06/0607041h.html,00351nam  2200085ua 45e0
070529s9999    xx            000 0 und d,"Bates, Daisy, 1859-1951.",The Passing of the Aborigines [electronic resource].,An ebook provided by Project Gutenberg of Australia.,http://gutenberg.net.au/ebooks04/0400661.txt,00322nam  2200085ua 45e0
070529s9999    xx            000 0 und d,"Battye, J. S. (James Sykes), 1871-1954.",A History of Western Australia [electronic resource].,An ebook provided by Project Gutenberg of Australia.,http://gutenberg.net.au/ebooks05/0500301h.html,00341nam  2200085ua 45e0
070529s9999    xx            000 0 und d,"Baynton, Barbara, 1857-1929.",Bush Studies [electronic resource].,An ebook provided by Project Gutenberg of Australia.,http://gutenberg.net.au/ebooks01/0100141.txt,00309nam  2200085ua 45e0
070529s9999    xx            000 0 und d,"Baynton, Barbara, 1857-1929.",Human Toll [electronic resource].,An ebook provided by Project Gutenberg of Australia.,http://gutenberg.net.au/ebooks06/0607531h.html,00309nam  2200085ua 45e0
070529s9999    xx            000 0 und d,"Becke, Louis, 1855-1913.",Short Stories [electronic resource].,An ebook provided by Project Gutenberg of Australia.,http://gutenberg.net.au/ebooks02/0200641.txt,00306nam  2200085ua 45e0
070529s9999    xx            000 0 und d,"Becke, Louis, 1855-1913.",Pacific Tales [electronic resource].,An ebook provided by Project Gutenberg of Australia.,http://gutenberg.net.au/ebooks05/0500671h.html,00308nam  2200085ua 45e0
070529s9999    xx            000 0 und d,"Becke, Louis, 1855-1913.",The Mutineer [electronic resource] : a Romance of Pitcairn Island.,An ebook provided by Project Gutenberg of Australia.,http://gutenberg.net.au/ebooks06/0606911h.html,00339nam  2200085ua 45e0
070529s9999    xx            000 0 und d,"Blaxland, Gregory, 1778-1853.","The Journal of Gregory Blaxland, 1813 [electronic resource].",An ebook provided by Project Gutenberg of Australia.,http://gutenberg.net.au/ebooks02/0200411h.html,00337nam  2200085ua 45e0
070529s9999    xx            000 0 und d,"Boldrewood, Rolf, 1826-1915.",The Miner's Right [electronic resource].,An ebook provided by Project Gutenberg of Australia.,http://gutenberg.net.au/ebooks06/0607091h.html,00316nam  2200085ua 45e0
070529s9999    xx            000 0 und d,"Boldrewood, Rolf, 1826-1915.",A Romance of Canvas Town And Other Stories [electronic resource].,An ebook provided by Project Gutenberg of Australia.,http://gutenberg.net.au/ebooks06/0607131h.html,00341nam  2200085ua 45e0
070529s9999    xx            000 0 und d,"Boldrewood, Rolf, 1826-1915.",A Sydney-Side Saxon [electronic resource].,An ebook provided by Project Gutenberg of Australia.,http://gutenberg.net.au/ebooks06/0607291h.html,00318nam  2200085ua 45e0
070529s9999    xx            000 0 und d,"Burfitt, C. T., -1927.","The Discovery of Tasmania (Van Diemen's Land.), New Zealand, and Bass' Straits. [electronic resource].",An ebook provided by Project Gutenberg of Australia.,http://gutenberg.net.au/ebooks06/0600541h.html,00372nam  2200085ua 45e0
070529s9999    xx            000 0 und d,"Burney, James, 1750-1821.",A Chronological History of the Voyages and Discoveries in the South Sea [electronic resource].,An ebook provided by Project Gutenberg of Australia.,http://gutenberg.net.au/ebooks06/0600611h.html,00367nam  2200085ua 45e0
070529s9999    xx            000 0 und d,"Calvert, Albert F. (Albert Frederick), 1872-1946.",The Aborigines of Western Australia [electronic resource].,An ebook provided by Project Gutenberg of Australia.,http://gutenberg.net.au/ebooks06/0607061h.html,00356nam  2200085ua 45e0
070529s9999    xx            000 0 und d,"Cambridge, Ada, 1844-1926.",At Midnight [electronic resource].,An ebook provided by Project Gutenberg of Australia.,http://gutenberg.net.au/ebooks02/0200651.txt,00306nam  2200085ua 45e0
070529s9999    xx            000 0 und d,"Cambridge, Ada, 1844-1926.",The Perversity of Human Nature [electronic resource].,An ebook provided by Project Gutenberg of Australia.,http://gutenberg.net.au/ebooks06/0607101h.html,00327nam  2200085ua 45e0
070529s9999    xx            000 0 und d,"Carron, William, 1823-1876.",Narrative of an Expedition (Kennedy) [electronic resource].,An ebook provided by Project Gutenberg of Australia.,http://gutenberg.net.au/ebooks02/0201121.txt,00332nam  2200085ua 45e0
070529s9999    xx            000 0 und d,"Clarke, Marcus, 1846-1881.",Australian Tales [electronic resource].,An ebook provided by Project Gutenberg of Australia.,http://gutenberg.net.au/ebooks04/0400711.txt,00311nam  2200085ua 45e0
070529s9999    xx            000 0 und d,"Clarke, Marcus, 1846-1881.",Human Repetends [electronic resource].,An ebook provided by Project Gutenberg of Australia.,http://gutenberg.net.au/ebooks06/0601221h.html,00312nam  2200085ua 45e0
070529s9999    xx            000 0 und d,"Clarke, Marcus, 1846-1881.",The Haunted Author [electronic resource].,An ebook provided by Project Gutenberg of Australia.,http://gutenberg.net.au/ebooks06/0602401h.html,00315nam  2200085ua 45e0
070529s9999    xx            000 0 und d,"Clarke, Marcus, 1846-1881.",Four Stories High [electronic resource].,An ebook provided by Project Gutenberg of Australia.,http://gutenberg.net.au/ebooks06/0602671.txt,00312nam  2200085ua 45e0
070529s9999    xx            000 0 und d,"Clarke, Marcus, 1846-1881.",Long Odds [electronic resource].,An ebook provided by Project Gutenberg of Australia.,http://gutenberg.net.au/ebooks06/0602681.txt,00304nam  2200085ua 45e0
070529s9999    xx            000 0 und d,"Clarke, Marcus, 1846-1881.",Old tales of a Young Country [electronic resource].,An ebook provided by Project Gutenberg of Australia.,http://gutenberg.net.au/ebooks06/0602691.txt,00323nam  2200085ua 45e0
070529s9999    xx            000 0 und d,"Collingridge, George, 1847-1931.",The First Discovery of Australia and New Guinea [electronic resource].,An ebook provided by Project Gutenberg of Australia.,http://gutenberg.net.au/ebooks05/0501051h.html,00350nam  2200085ua 45e0
070529s9999    xx            000 0 und d,"Collingridge, George, 1847-1931.",The Discovery of Australia [electronic resource].,An ebook provided by Project Gutenberg of Australia.,http://gutenberg.net.au/ebooks06/0605401h.html,00329nam  2200085ua 45e0
070529s9999    xx            000 0 und d,"Cox, Erle, 1873-1950.",Out of the Silence [electronic resource].,An ebook provided by Project Gutenberg of Australia.,http://gutenberg.net.au/ebooks06/0604821h.html,00310nam  2200085ua 45e0
070529s9999    xx            000 0 und d,"Cumpston, J. H. L. (John Howard Lidgett), 1880-1954.",Charles Sturt [electronic resource].,An ebook provided by Project Gutenberg of Australia.,http://gutenberg.net.au/ebooks07/0700391h.html,00337nam  2200085ua 45e0
070529s9999    xx            000 0 und d,"Cumpston, J. H. L. (John Howard Lidgett), 1880-1954.",Thomas Mitchell [electronic resource] : Surveyor General and Explorer.,An ebook provided by Project Gutenberg of Australia.,http://gutenberg.net.au/ebooks07/0700531h.html,00372nam  2200085ua 45e0
070529s9999    xx            000 0 und d,"Dalrymple, Alexander, 1737-1808.",An Historical Collection of the Several Voyages and Discoveries in the South Pacific Ocean [electronic resource].,An ebook provided by Project Gutenberg of Australia.,http://gutenberg.net.au/ebooks06/0600621h.html,00393nam  2200085ua 45e0
070529s9999    xx            000 0 und d,"Dampier, William, 1652-1715.",A New Voyage round the World [electronic resource].,An ebook provided by Project Gutenberg of Australia.,http://gutenberg.net.au/ebooks05/0500461h.html,00327nam  2200085ua 45e0
070529s9999    xx            000 0 und d,"Dennis, C. J. (Clarence James), 1876-1938.",Doreen [electronic resource].,An ebook provided by Project Gutenberg of Australia.,http://gutenberg.net.au/ebooks05/0500691.txt,00318nam  2200085ua 45e0
070529s9999    xx            000 0 und d,"Dennis, C. J. (Clarence James), 1876-1938.",Backblock Ballads and Later Verses [electronic resource].,An ebook provided by Project Gutenberg of Australia.,http://gutenberg.net.au/ebooks05/0500911.txt,00346nam  2200085ua 45e0
070529s9999    xx            000 0 und d,"Dennis, C. J. (Clarence James), 1876-1938.",The Moods of Ginger Mick [electronic resource].,An ebook provided by Project Gutenberg of Australia.,http://gutenberg.net.au/ebooks05/0500921.txt,00336nam  2200085ua 45e0
070529s9999    xx            000 0 und d,"Dennis, C. J. (Clarence James), 1876-1938.",Jim of The Hills [electronic resource].,An ebook provided by Project Gutenberg of Australia.,http://gutenberg.net.au/ebooks05/0500931.txt,00328nam  2200085ua 45e0
070529s9999    xx            000 0 und d,"Dennis, C. J. (Clarence James), 1876-1938.",Rose of Spadgers [electronic resource].,An ebook provided by Project Gutenberg of Australia.,http://gutenberg.net.au/ebooks05/0500941.txt,00328nam  2200085ua 45e0
070529s9999    xx            000 0 und d,"Dyson, Edward, 1865-1931.",Rhymes from the Mines [electronic resource].,An ebook provided by Project Gutenberg of Australia.,http://gutenberg.net.au/ebooks05/0500971.txt,00315nam  2200085ua 45e0
070529s9999    xx            000 0 und d,"Dyson, Edward, 1865-1931.",The Golden Shanty [electronic resource].,An ebook provided by Project Gutenberg of Australia.,http://gutenberg.net.au/ebooks05/0500981.txt,00311nam  2200085ua 45e0
070529s9999    xx            000 0 und d,"Dyson, Edward, 1865-1931.",Below and on Top and Other Stories [electronic resource].,An ebook provided by Project Gutenberg of Australia.,http://gutenberg.net.au/ebooks05/0501011.txt,00328nam  2200085ua 45e0
070529s9999    xx            000 0 und d,"Dyson, Edward, 1865-1931.",Benno and Some of the Push [electronic resource].,An ebook provided by Project Gutenberg of Australia.,http://gutenberg.net.au/ebooks05/0501021.txt,00320nam  2200085ua 45e0
070529s9999    xx            000 0 und d,"Dyson, Edward, 1865-1931.",Fact'ry 'Ands [electronic resource].,An ebook provided by Project Gutenberg of Australia.,http://gutenberg.net.au/ebooks05/0501031.txt,00307nam  2200085ua 45e0
070529s9999    xx            000 0 und d,"Ellis, Havelock, 1859-1939.",Kanga Creek [electronic resource].,An ebook provided by Project Gutenberg of Australia.,http://gutenberg.net.au/ebooks03/0300801.txt,00307nam  2200085ua 45e0
070529s9999    xx            000 0 und d,"Favenc, Ernest, 1845-1908.",The History of Australian Exploration [electronic resource].,An ebook provided by Project Gutenberg of Australia.,http://gutenberg.net.au/ebooks03/0300101.txt,00332nam  2200085ua 45e0
070529s9999    xx            000 0 und d,"Favenc, Ernest, 1845-1908.",Tales of the Austral Tropics [electronic resource].,An ebook provided by Project Gutenberg of Australia.,http://gutenberg.net.au/ebooks06/0600691h.html,00325nam  2200085ua 45e0
070529s9999    xx            000 0 und d,"Favenc, Ernest, 1845-1908.",The Moccasins of Silence [electronic resource].,An ebook provided by Project Gutenberg of Australia.,http://gutenberg.net.au/ebooks06/0607071h.html,00321nam  2200085ua 45e0
070529s9999    xx            000 0 und d,"aFortune, Mary, b. 1833?",The White Maniac - A Doctor's Tale [electronic resource].,An ebook provided by Project Gutenberg of Australia.,http://gutenberg.net.au/ebooks06/0602781h.html,00329nam  2200085ua 45e0
070529s9999    xx            000 0 und d,"aFortune, Mary, b. 1833?",My Lodger [electronic resource].,An ebook provided by Project Gutenberg of Australia.,http://gutenberg.net.au/ebooks06/0602791h.html,00304nam  2200085ua 45e0
070529s9999    xx            000 0 und d,"aFortune, Mary, b. 1833?",Traces of Crime [electronic resource].,An ebook provided by Project Gutenberg of Australia.,http://gutenberg.net.au/ebooks06/0602801h.html,00310nam  2200085ua 45e0
070529s9999    xx            000 0 und d,"Fowles, Joseph, 1810-1878.",Sydney in 1848 [electronic resource].,An ebook provided by Project Gutenberg of Australia.,http://gutenberg.net.au/ebooks06/0600151h.html,00311nam  2200085ua 45e0
070529s9999    xx            000 0 und d,"aFranklin, John, Sir, 1786-1847.",Some Passages in the History of Van Diemen's Land [electronic resource].,An ebook provided by Project Gutenberg of Australia.,http://gutenberg.net.au/ebooks05/0500101.txt,00351nam  2200085ua 45e0
070529s9999    xx            000 0 und d,"Furphy, Joseph, 1843-1912.",The Buln-Buln and the Brolga [electronic resource].,An ebook provided by Project Gutenberg of Australia.,http://gutenberg.net.au/ebooks06/0606841h.html,00325nam  2200085ua 45e0
070529s9999    xx            000 0 und d,"Furphy, Joseph, 1843-1912.",Rigby's Romance [electronic resource].,An ebook provided by Project Gutenberg of Australia.,http://gutenberg.net.au/ebooks06/0607461h.html,00312nam  2200085ua 45e0
070529s9999    xx            000 0 und d,"Gaunt, Mary, 1861-1942.",Kirkham's Find [electronic resource].,An ebook provided by Project Gutenberg of Australia.,http://gutenberg.net.au/ebooks02/0200581.txt,00306nam  2200085ua 45e0
070529s9999    xx            000 0 und d,"Gaunt, Mary, 1861-1942.",End of the Earth [electronic resource].,An ebook provided by Project Gutenberg of Australia.,http://gutenberg.net.au/ebooks02/0200591.txt,00308nam  2200085ua 45e0
070529s9999    xx            000 0 und d,"Gaunt, Mary, 1861-1942.",The Doctor's Drive [electronic resource].,An ebook provided by Project Gutenberg of Australia.,http://gutenberg.net.au/ebooks06/0606941h.html,00312nam  2200085ua 45e0
070529s9999    xx            000 0 und d,"Gaunt, Mary, 1861-1942.",Dave's Sweetheart [electronic resource].,An ebook provided by Project Gutenberg of Australia.,http://gutenberg.net.au/ebooks06/0607451h.html,00311nam  2200085ua 45e0
070529s9999    xx            000 0 und d,"Grey, Zane, 1872-1939.",An American Angler in Australia [electronic resource].,An ebook provided by Project Gutenberg of Australia.,http://gutenberg.net.au/ebooks06/0608241h.html,00324nam  2200085ua 45e0
070529s9999    xx            000 0 und d,"Grey, Zane, 1872-1939.","Tales of the Angler's El Dorado, New Zealand [electronic resource].",An ebook provided by Project Gutenberg of Australia.,http://gutenberg.net.au/ebooks06/0608281h.html,00337nam  2200085ua 45e0
070529s9999    xx            000 0 und d,"Hay, William, 1875-1945.",The Escape of the Notorious Sir William Heans [electronic resource].,An ebook provided by Project Gutenberg of Australia.,http://gutenberg.net.au/ebooks02/0200281.txt,00338nam  2200085ua 45e0
070529s9999    xx            000 0 und d,"Heeres, J. E. (Jan Ernst).","The Part borne by the Dutch in the Discovery of Australia, 1606-1765 [electronic resource].",An ebook provided by Project Gutenberg of Australia.,http://gutenberg.net.au/ebooks05/0501231h.html,00365nam  2200085ua 45e0
070529s9999    xx            000 0 und d,"Heeres, J. E. (Jan Ernst).",Abel Janszoon Tasman's Journal [electronic resource].,An ebook provided by Project Gutenberg of Australia.,http://gutenberg.net.au/ebooks06/0600571h.html,00327nam  2200085ua 45e0
070529s9999    xx            000 0 und d,"Henning, Rachel, 1826-1914.",The Letters of Rachel Henning [electronic resource].,An ebook provided by Project Gutenberg of Australia.,http://gutenberg.net.au/ebooks06/0607821.txt,00325nam  2200085ua 45e0
070529s9999    xx            000 0 und d,"Hogan, James Francis, 1855-1924.",The Irish in Australia [electronic resource].,An ebook provided by Project Gutenberg of Australia.,http://gutenberg.net.au/ebooks05/0500661.txt,00323nam  2200085ua 45e0
070529s9999    xx            000 0 und d,"Hume, Fergus, 1859-1932.",The Crowned Skull [electronic resource].,An ebook provided by Project Gutenberg of Australia.,http://gutenberg.net.au/ebooks02/0200401.txt,00310nam  2200085ua 45e0
070529s9999    xx            000 0 und d,"Hume, Fergus, 1859-1932.",The Mystery Queen [electronic resource].,An ebook provided by Project Gutenberg of Australia.,http://gutenberg.net.au/ebooks02/0200721.txt,00310nam  2200085ua 45e0
070529s9999    xx            000 0 und d,"Hume, Fergus, 1859-1932.",Hagar of the Pawn-Shop [electronic resource].,An ebook provided by Project Gutenberg of Australia.,http://gutenberg.net.au/ebooks06/0606101h.html,00317nam  2200085ua 45e0
070529s9999    xx            000 0 und d,"Hume, Hamilton, 1797-1873.",Journey of Discovery to Port Phillip [electronic resource].,An ebook provided by Project Gutenberg of Australia.,http://gutenberg.net.au/ebooks04/0400371h.html,00333nam  2200085ua 45e0
070529s9999    xx            000 0 und d,"Jack, Robert L. (Robert Logan), 1845-1921.",Northmost Australia [electronic resource].,An ebook provided by Project Gutenberg of Australia.,http://gutenberg.net.au/ebooks06/0601141h.html,00333nam  2200085ua 45e0
070529s9999    xx            000 0 und d,"Jack, Robert L. (Robert Logan), 1845-1921.",The Exploration of Cape York Peninsula 1606-1915 [electronic resource].,An ebook provided by Project Gutenberg of Australia.,http://gutenberg.net.au/ebooks06/0609341.txt,00360nam  2200085ua 45e0
070529s9999    xx            000 0 und d,"Kelly, Ned, 1854-1880.",The Jerilderie Letter [electronic resource].,An ebook provided by Project Gutenberg of Australia.,http://gutenberg.net.au/ebooks04/0400761.txt,00312nam  2200085ua 45e0
070529s9999    xx            000 0 und d,"Kingsley, Henry, 1830-1876.",Stretton [electronic resource].,An ebook provided by Project Gutenberg of Australia.,http://gutenberg.net.au/ebooks06/0603191h.html,00306nam  2200085ua 45e0
070529s9999    xx            000 0 und d,"Kingsley, Henry, 1830-1876.",The Hillyars and the Burtons [electronic resource].,An ebook provided by Project Gutenberg of Australia.,http://gutenberg.net.au/ebooks06/0607471h.html,00326nam  2200085ua 45e0
070529s9999    xx            000 0 und d,"Kirmess, C. H.",The Australian Crisis [electronic resource].,An ebook provided by Project Gutenberg of Australia.,http://gutenberg.net.au/ebooks06/0607161h.html,00305nam  2200085ua 45e0
070529s9999    xx            000 0 und d,"Lang, John, 1817-1864.","Botany Bay, True Tales of Early Australia [electronic resource].",An ebook provided by Project Gutenberg of Australia.,http://gutenberg.net.au/ebooks06/0607441h.html,00334nam  2200085ua 45e0
070529s9999    xx            000 0 und d,"Lawson, Gilbert H.",A Dictionary of Australian Words and Terms [electronic resource].,An ebook provided by Project Gutenberg of Australia.,http://gutenberg.net.au/ebooks06/0600101.txt,00328nam  2200085ua 45e0
070529s9999    xx            000 0 und d,"Lawson, Henry, 1867-1922.","My Army, O, My Army! and Other Songs [electronic resource].",An ebook provided by Project Gutenberg of Australia.,http://gutenberg.net.au/ebooks06/0607121h.html,00332nam  2200085ua 45e0
070529s9999    xx            000 0 und d,"Lawson, Henry, 1867-1922.",The Romance of the Swag [electronic resource].,An ebook provided by Project Gutenberg of Australia.,http://gutenberg.net.au/ebooks06/0607191h.html,00319nam  2200085ua 45e0
070529s9999    xx            000 0 und d,"Lawson, Henry, 1867-1922.",Send Round the Hat [electronic resource].,An ebook provided by Project Gutenberg of Australia.,http://gutenberg.net.au/ebooks06/0607411h.html,00314nam  2200085ua 45e0
070529s9999    xx            000 0 und d,"Lawson, Henry, 1867-1922.",Skyline Riders and Other Verses [electronic resource].,An ebook provided by Project Gutenberg of Australia.,http://gutenberg.net.au/ebooks06/0607541h.html,00327nam  2200085ua 45e0
070529s9999    xx            000 0 und d,"Lawson, Henry, 1867-1922.",Verses Popular and Humorous [electronic resource].,An ebook provided by Project Gutenberg of Australia.,http://gutenberg.net.au/ebooks06/0607601h.html,00323nam  2200085ua 45e0
070529s9999    xx            000 0 und d,"Lawson, Henry, 1867-1922.",When I was King and Other Verses [electronic resource].,An ebook provided by Project Gutenberg of Australia.,http://gutenberg.net.au/ebooks06/0607611h.html,00328nam  2200085ua 45e0
070529s9999    xx            000 0 und d,"Lawson, Henry, 1867-1922.",The Rising of the Court [electronic resource].,An ebook provided by Project Gutenberg of Australia.,http://gutenberg.net.au/ebooks06/0607831.txt,00317nam  2200085ua 45e0
070529s9999    xx            000 0 und d,"Lawson, Henry, 1867-1922.",For Australia [electronic resource].,An ebook provided by Project Gutenberg of Australia.,http://gutenberg.net.au/ebooks06/0607901h.html,00309nam  2200085ua 45e0
070529s9999    xx            000 0 und d,"Lawson, Henry, 1867-1922.",Short Stories in Prose and Verse [electronic resource].,An ebook provided by Project Gutenberg of Australia.,http://gutenberg.net.au/ebooks06/0607911.txt,00326nam  2200085ua 45e0
070529s9999    xx            000 0 und d,"Lawson, Louisa, 1848-1920.",Selected Lead Articles from The Dawn [electronic resource].,An ebook provided by Project Gutenberg of Australia.,http://gutenberg.net.au/ebooks06/0606891h.html,00333nam  2200085ua 45e0
070529s9999    xx            000 0 und d,"Leakey, Caroline W. (Caroline Woolmer), 1827-1881.",Broad Arrow [electronic resource].,An ebook provided by Project Gutenberg of Australia.,http://gutenberg.net.au/ebooks06/0606881h.html,00333nam  2200085ua 45e0
070529s9999    xx            000 0 und d,"Lee, Ida, 1865-1943.",Early Explorers in Australia [electronic resource].,An ebook provided by Project Gutenberg of Australia.,http://gutenberg.net.au/ebooks03/0301141h.html,00319nam  2200085ua 45e0
070529s9999    xx            000 0 und d,"Lee, Ida, 1865-1943.",The First Sighting of Australia by the English [electronic resource].,An ebook provided by Project Gutenberg of Australia.,http://gutenberg.net.au/ebooks06/0609031h.html,00337nam  2200085ua 45e0
070529s9999    xx            000 0 und d,"Lightoller, C. H.",Titanic and Other Ships [electronic resource].,An ebook provided by Project Gutenberg of Australia.,http://gutenberg.net.au/ebooks03/0301011h.html,00310nam  2200085ua 45e0
070529s9999    xx            000 0 und d,"Lower, Lennie, 1903-1947.",Here's Luck [electronic resource].,An ebook provided by Project Gutenberg of Australia.,http://gutenberg.net.au/ebooks01/0100081.txt,00305nam  2200085ua 45e0
070529s9999    xx            000 0 und d,"Lower, Lennie, 1903-1947.",Here's Another [electronic resource].,An ebook provided by Project Gutenberg of Australia.,http://gutenberg.net.au/ebooks01/0100301.txt,00308nam  2200085ua 45e0
070529s9999    xx            000 0 und d,"Lower, Lennie, 1903-1947.",The Bachelors' Guide to the Care of the Young [electronic resource].,An ebook provided by Project Gutenberg of Australia.,http://gutenberg.net.au/ebooks06/0600391.txt,00339nam  2200085ua 45e0
070529s9999    xx            000 0 und d,"Major, Richard Henry, 1818-1891.","Early Voyages to Terra Australis, now called Australia [electronic resource].",An ebook provided by Project Gutenberg of Australia.,http://gutenberg.net.au/ebooks06/0600361h.html,00357nam  2200085ua 45e0
070529s9999    xx            000 0 und d,"Manning, Frederic, 1882-1935.",The Middle Parts of Fortune [electronic resource].,An ebook provided by Project Gutenberg of Australia.,http://gutenberg.net.au/ebooks02/0200261.txt,00325nam  2200085ua 45e0
070529s9999    xx            000 0 und d,"Watson, H. B. Marriott (Henry Brereton Marriott), 1863-1921.",The Devil of the Marsh [electronic resource].,An ebook provided by Project Gutenberg of Australia.,http://gutenberg.net.au/ebooks06/0602421h.html,00354nam  2200085ua 45e0
070529s9999    xx            000 0 und d,"Watson, H. B. Marriott (Henry Brereton Marriott), 1863-1921.",The Stone Chamber [electronic resource].,An ebook provided by Project Gutenberg of Australia.,http://gutenberg.net.au/ebooks06/0602431h.html,00349nam  2200085ua 45e0
070529s9999    xx            000 0 und d,"aMartin, Patchett, Mrs.",Coo-ee [electronic resource] : tales of Australian Life by Australian Ladies / Harriet Anne Martin.,An ebook provided by Project Gutenberg of Australia.,http://gutenberg.net.au/ebooks06/0607561h.html,00372nam  2200085ua 45e0
070529s9999    xx            000 0 und d,"McCombie, Thomas, 1819-1869.",Adventures of a Colonist [electronic resource].,An ebook provided by Project Gutenberg of Australia.,http://gutenberg.net.au/ebooks06/0606871h.html,00323nam  2200085ua 45e0
070529s9999    xx            000 0 und d,"McLaren, Jack, 1887-1954.",My Crowded Solitude [electronic resource].,An ebook provided by Project Gutenberg of Australia.,http://gutenberg.net.au/ebooks06/0605611h.html,00315nam  2200085ua 45e0
070529s9999    xx            000 0 und d,"Mills, Ethel.",A Box of Dead Roses [electronic resource].,An ebook provided by Project Gutenberg of Australia.,http://gutenberg.net.au/ebooks06/0606861h.html,00302nam  2200085ua 45e0
070529s9999    xx            000 0 und d,"Moran, Patrick F., 1830-1911.",Discovery of Australia by de Quiros in the Year 1606 [electronic resource].,An ebook provided by Project Gutenberg of Australia.,http://gutenberg.net.au/ebooks06/0600641h.html,00352nam  2200085ua 45e0
070529s9999    xx            000 0 und d,"aMorrison, G. E. (George Ernest), 1862-1920.",An Australian in China [electronic resource].,An ebook provided by Project Gutenberg of Australia.,http://gutenberg.net.au/ebooks05/0500681h.html,00338nam  2200085ua 45e0
070529s9999    xx            000 0 und d,"Nicholson, Evelyn Louise, c.1867-1927.","Diary of a trip to Australia, 1897 [electronic resource].",An ebook provided by Project Gutenberg of Australia.,http://gutenberg.net.au/ebooks06/0607521h.html,00343nam  2200085ua 45e0
070529s9999    xx            000 0 und d,"O'Brien, John, 1878-1952.",Around The Boree Log and Other Verses [electronic resource].,An ebook provided by Project Gutenberg of Australia.,http://gutenberg.net.au/ebooks05/0500051.txt,00331nam  2200085ua 45e0
070529s9999    xx            000 0 und d,"O'Reilly, John Boyle, 1844-1890.",Moondyne [electronic resource].,An ebook provided by Project Gutenberg of Australia.,http://gutenberg.net.au/ebooks06/0602651h.html,00311nam  2200085ua 45e0
070529s9999    xx            000 0 und d,"Parker, Gilbert, 1862-1932.",The Power and the Glory [electronic resource].,An ebook provided by Project Gutenberg of Australia.,http://gutenberg.net.au/ebooks04/0400251h.html,00321nam  2200085ua 45e0
070529s9999    xx            000 0 und d,"Paterson, A. B. (Andrew Barton), 1864-1941.",The Animals Noah Forgot [electronic resource].,An ebook provided by Project Gutenberg of Australia.,http://gutenberg.net.au/ebooks06/0603441h.html,00338nam  2200085ua 45e0
070529s9999    xx            000 0 und d,"Paterson, A. B. (Andrew Barton), 1864-1941.",Happy Dispatches [electronic resource].,An ebook provided by Project Gutenberg of Australia.,http://gutenberg.net.au/ebooks06/0603451h.html,00331nam  2200085ua 45e0
070529s9999    xx            000 0 und d,"Paterson, A. B. (Andrew Barton), 1864-1941.",The Shearer's Colt [electronic resource].,An ebook provided by Project Gutenberg of Australia.,http://gutenberg.net.au/ebooks06/0603461h.html,00333nam  2200085ua 45e0
070529s9999    xx            000 0 und d,"Paterson, A. B. (Andrew Barton), 1864-1941.",Collected Prose [electronic resource].,An ebook provided by Project Gutenberg of Australia.,http://gutenberg.net.au/ebooks06/0607731h.html,00330nam  2200085ua 45e0
070529s9999    xx            000 0 und d,"Paterson, A. B. (Andrew Barton), 1864-1941.",Collected Poetry [electronic resource].,An ebook provided by Project Gutenberg of Australia.,http://gutenberg.net.au/ebooks06/0607741h.html,00331nam  2200085ua 45e0
070529s9999    xx            000 0 und d,"Peck, C. W. (Charles William).",Australian Legends [electronic resource].,An ebook provided by Project Gutenberg of Australia.,http://gutenberg.net.au/ebooks06/0607141h.html,00319nam  2200085ua 45e0
070529s9999    xx            000 0 und d,"Pelloe, Emily H.",West Australian Orchids [electronic resource].,An ebook provided by Project Gutenberg of Australia.,http://gutenberg.net.au/ebooks04/0400681h.html,00309nam  2200085ua 45e0
070529s9999    xx            000 0 und d,"Penton, Brian, 1904-1951.",Landtakers [electronic resource].,An ebook provided by Project Gutenberg of Australia.,http://gutenberg.net.au/ebooks02/0200851h.html,00306nam  2200085ua 45e0
070529s9999    xx            000 0 und d,"Penton, Brian, 1904-1951.",Inheritors [electronic resource].,An ebook provided by Project Gutenberg of Australia.,http://gutenberg.net.au/ebooks03/0301271h.html,00306nam  2200085ua 45e0
070529s9999    xx            000 0 und d,"Praed, Campbell, Mrs, 1851-1935.",The Insane Root [electronic resource].,An ebook provided by Project Gutenberg of Australia.,http://gutenberg.net.au/ebooks06/0606311h.html,00319nam  2200085ua 45e0
070529s9999    xx            000 0 und d,"Praed, Campbell, Mrs, 1851-1935.","Australian Life, Black and White [electronic resource].",An ebook provided by Project Gutenberg of Australia.,http://gutenberg.net.au/ebooks06/0607211h.html,00336nam  2200085ua 45e0
070529s9999    xx            000 0 und d,"Praed, Campbell, Mrs, 1851-1935.",Fugitive Anne [electronic resource] : a Romance of the Unexplored Bush.,An ebook provided by Project Gutenberg of Australia.,http://gutenberg.net.au/ebooks06/0607221h.html,00353nam  2200085ua 45e0
070529s9999    xx            000 0 und d,"Praed, Campbell, Mrs, 1851-1935.",Policy and Passion [electronic resource].,An ebook provided by Project Gutenberg of Australia.,http://gutenberg.net.au/ebooks06/0607231h.html,00322nam  2200085ua 45e0
070529s9999    xx            000 0 und d,"Praed, Campbell, Mrs, 1851-1935.",The Romance of a Station [electronic resource].,An ebook provided by Project Gutenberg of Australia.,http://gutenberg.net.au/ebooks06/0607241h.html,00328nam  2200085ua 45e0
070529s9999    xx            000 0 und d,"Richardson, Henry Handel, 1870-1946.",Australia Felix [electronic resource].,An ebook provided by Project Gutenberg of Australia.,http://gutenberg.net.au/ebooks01/0100051.txt,00320nam  2200085ua 45e0
070529s9999    xx            000 0 und d,"Richardson, Henry Handel, 1870-1946.",The Way Home [electronic resource].,An ebook provided by Project Gutenberg of Australia.,http://gutenberg.net.au/ebooks01/0100061.txt,00317nam  2200085ua 45e0
070529s9999    xx            000 0 und d,"Richardson, Henry Handel, 1870-1946.",Ultima Thule [electronic resource].,An ebook provided by Project Gutenberg of Australia.,http://gutenberg.net.au/ebooks01/0100071.txt,00317nam  2200085ua 45e0
070529s9999    xx            000 0 und d,"Richardson, Henry Handel, 1870-1946.",The Fortunes of Richard Mahony [electronic resource].,An ebook provided by Project Gutenberg of Australia.,http://gutenberg.net.au/ebooks01/0100091.txt,00335nam  2200085ua 45e0
070529s9999    xx            000 0 und d,"Richardson, Henry Handel, 1870-1946.",Two Hanged Women [electronic resource].,An ebook provided by Project Gutenberg of Australia.,http://gutenberg.net.au/ebooks01/0100191.txt,00321nam  2200085ua 45e0
070529s9999    xx            000 0 und d,"Richardson, Henry Handel, 1870-1946.",Complete Stories [electronic resource].,An ebook provided by Project Gutenberg of Australia.,http://gutenberg.net.au/ebooks02/0200661.txt,00321nam  2200085ua 45e0
070529s9999    xx            000 0 und d,"Rowcroft, Charles, 1798-1856.",Tales of the Colonies [electronic resource].,An ebook provided by Project Gutenberg of Australia.,http://gutenberg.net.au/ebooks06/0601291h.html,00321nam  2200085ua 45e0
070529s9999    xx            000 0 und d,"Rowcroft, Charles, 1798-1856.",The Bushranger of Van Diemen's Land [electronic resource].,An ebook provided by Project Gutenberg of Australia.,http://gutenberg.net.au/ebooks06/0607171h.html,00335nam  2200085ua 45e0
070529s9999    xx            000 0 und d,"Rudd, Steele, 1868-1935.",Our New Selection [electronic resource].,An ebook provided by Project Gutenberg of Australia.,http://gutenberg.net.au/ebooks05/0500131h.html,00312nam  2200085ua 45e0
070529s9999    xx            000 0 und d,"Scott, Ernest, 1868-1939.",A Short History of Australia [electronic resource].,An ebook provided by Project Gutenberg of Australia.,http://gutenberg.net.au/ebooks02/0200471h.html,00324nam  2200085ua 45e0
070529s9999    xx            000 0 und d,"Scott, Ernest, 1868-1939.",Australian Discovery [electronic resource].,An ebook provided by Project Gutenberg of Australia.,http://gutenberg.net.au/ebooks02/0201001h.html,00316nam  2200085ua 45e0
070529s9999    xx            000 0 und d,"Spence, Catherine Helen, 1825-1910.",A Week in the Future [electronic resource].,An ebook provided by Project Gutenberg of Australia.,http://gutenberg.net.au/ebooks06/0603381h.html,00326nam  2200085ua 45e0
070529s9999    xx            000 0 und d,"Spence, Catherine Helen, 1825-1910.",Woman's Place in the Commonwealth [electronic resource].,An ebook provided by Project Gutenberg of Australia.,http://gutenberg.net.au/ebooks06/0607391h.html,00339nam  2200085ua 45e0
070529s9999    xx            000 0 und d,"Spence, Catherine Helen, 1825-1910.",Gathered In [electronic resource].,An ebook provided by Project Gutenberg of Australia.,http://gutenberg.net.au/ebooks06/0607401h.html,00317nam  2200085ua 45e0
070529s9999    xx            000 0 und d,"Stone, Louis, 1871-1935.",Betty Wayside [electronic resource].,An ebook provided by Project Gutenberg of Australia.,http://gutenberg.net.au/ebooks06/0607551h.html,00308nam  2200085ua 45e0
070529s9999    xx            000 0 und d,"Tasma, 1848-1897.",A Sydney Sovereign And Other Tales [electronic resource].,An ebook provided by Project Gutenberg of Australia.,http://gutenberg.net.au/ebooks06/0607621h.html,00322nam  2200085ua 45e0
070529s9999    xx            000 0 und d,"Tasma, 1848-1897.",The Penance of Portia James [electronic resource].,An ebook provided by Project Gutenberg of Australia.,http://gutenberg.net.au/ebooks06/0607651h.html,00315nam  2200085ua 45e0
070529s9999    xx            000 0 und d,"Tasma, 1848-1897.",Uncle Piper of Piper's Hill [electronic resource].,An ebook provided by Project Gutenberg of Australia.,http://gutenberg.net.au/ebooks06/0607661h.html,00315nam  2200085ua 45e0
070529s9999    xx            000 0 und d,"Tasman, Abel Janszoon, 1603?-1659.",The Journal of Abel Jansz Tasman [electronic resource].,An ebook provided by Project Gutenberg of Australia.,http://gutenberg.net.au/ebooks04/0400771h.html,00337nam  2200085ua 45e0
070529s9999    xx            000 0 und d,"Tucker, James, 1808?-1888.",Ralph Rashleigh (1929 edition) [electronic resource].,An ebook provided by Project Gutenberg of Australia.,http://gutenberg.net.au/ebooks03/0301281.txt,00325nam  2200085ua 45e0
070529s9999    xx            000 0 und d,"Tucker, James, 1808?-1888.",Ralph Rashleigh (1952 edition) [electronic resource].,An ebook provided by Project Gutenberg of Australia.,http://gutenberg.net.au/ebooks03/0301291.txt,00325nam  2200085ua 45e0
070529s9999    xx            000 0 und d,"Vaux, James Hardy, fl.1812-.",A New and Comprehensive Vocabulary of the Flash Language [electronic resource].,An ebook provided by Project Gutenberg of Australia.,http://gutenberg.net.au/ebooks06/0600111.txt,00353nam  2200085ua 45e0
070529s9999    xx            000 0 und d,"Vidal, Francis, Mrs, 1815-1873.",The Convict Laundress [electronic resource] / Mary Theresa Vidal.,An ebook provided by Project Gutenberg of Australia.,http://gutenberg.net.au/ebooks06/0606851h.html,00346nam  2200085ua 45e0
070529s9999    xx            000 0 und d,"Vidal, Francis, Mrs, 1815-1873.",Tales for the Bush [electronic resource] / Mary Theresa Vidal.,An ebook provided by Project Gutenberg of Australia.,http://gutenberg.net.au/ebooks06/0607631h.html,00343nam  2200085ua 45e0
070529s9999    xx            000 0 und d,"Vidal, Francis, Mrs, 1815-1873.",Bengala [electronic resource] / Mary Theresa Vidal.,An ebook provided by Project Gutenberg of Australia.,http://gutenberg.net.au/ebooks06/0607641h.html,00332nam  2200085ua 45e0
070529s9999    xx            000 0 und d,"Walker, Frederick, 1820?-1866.",Journal of Expedition in search of Burke and Wills [electronic resource].,An ebook provided by Project Gutenberg of Australia.,http://gutenberg.net.au/ebooks06/0600191.txt,00349nam  2200085ua 45e0
070529s9999    xx            000 0 und d,"Walker, James Backhouse, 1841-1899.",Abel Janszoon Tasman [electronic resource] : his Life and Voyages.,An ebook provided by Project Gutenberg of Australia.,http://gutenberg.net.au/ebooks06/0600531h.html,00350nam  2200085ua 45e0
070529s9999    xx            000 0 und d,"Walker, James Backhouse, 1841-1899.",The Discovery of Van Diemen's Land in 1642 [electronic resource].,An ebook provided by Project Gutenberg of Australia.,http://gutenberg.net.au/ebooks06/0600551h.html,00348nam  2200085ua 45e0
070529s9999    xx            000 0 und d,"Wall, Dorothy, 1894-1942.",Blinky Bill [electronic resource].,An ebook provided by Project Gutenberg of Australia.,http://gutenberg.net.au/ebooks04/0400571h.html,00307nam  2200085ua 45e0
070529s9999    xx            000 0 und d,"Wall, Dorothy, 1894-1942.",Blinky Bill and Nutsy [electronic resource].,An ebook provided by Project Gutenberg of Australia.,http://gutenberg.net.au/ebooks04/0400581h.html,00317nam  2200085ua 45e0
070529s9999    xx            000 0 und d,"Wall, Dorothy, 1894-1942.",Blinky Bill Grows Up [electronic resource].,An ebook provided by Project Gutenberg of Australia.,http://gutenberg.net.au/ebooks04/0400591h.html,00316nam  2200085ua 45e0
070529s9999    xx            000 0 und d,"Wall, Dorothy, 1894-1942.",The Complete Adventures of Blinky Bill [electronic resource].,An ebook provided by Project Gutenberg of Australia.,http://gutenberg.net.au/ebooks04/0400601h.html,00334nam  2200085ua 45e0
070529s9999    xx            000 0 und d,"Warung, Price, 1855-1911.",Half Crown Bob [electronic resource].,An ebook provided by Project Gutenberg of Australia.,http://gutenberg.net.au/ebooks06/0607581h.html,00310nam  2200085ua 45e0
070529s9999    xx            000 0 und d,"Warung, Price, 1855-1911.",Tales of the Early Days [electronic resource].,An ebook provided by Project Gutenberg of Australia.,http://gutenberg.net.au/ebooks06/0607591h.html,00319nam  2200085ua 45e0
070529s9999    xx            000 0 und d,"Watling, Thomas, b.1762.",Letters from an Exile at Botany Bay [electronic resource].,An ebook provided by Project Gutenberg of Australia.,http://gutenberg.net.au/ebooks04/0400011.txt,00328nam  2200085ua 45e0
070529s9999    xx            000 0 und d,"Wells, T. E. (Thomas E.), 1782-1833.",Michael Howe [electronic resource] : the Last and Worst of the Bush-Rangers of Van Dieman's Land.,An ebook provided by Project Gutenberg of Australia.,http://gutenberg.net.au/ebooks06/0606831h.html,00383nam  2200085ua 45e0
070529s9999    xx            000 0 und d,"White, John, 1757 or 8-1832.",Journal of a Voyage to New South Wales [electronic resource].,An ebook provided by Project Gutenberg of Australia.,http://gutenberg.net.au/ebooks03/0301531h.html,00337nam  2200085ua 45e0
070529s9999    xx            000 0 und d,"Withnell, John G.",The Customs and Traditions of the Aboriginal Natives of North Western Australia. [electronic resource].,An ebook provided by Project Gutenberg of Australia.,http://gutenberg.net.au/ebooks06/0607011h.html,00367nam  2200085ua 45e0
070529s9999    xx            000 0 und d,"Witton, George, 1874-1942.",Scapegoats of the Empire [electronic resource].,An ebook provided by Project Gutenberg of Australia.,http://gutenberg.net.au/ebooks04/0400611.txt,00319nam  2200085ua 45e0
070529s9999    xx            000 0 und d,"Worgan, George B., 1757-1838.",Journal of a First Fleet Surgeon [electronic resource].,An ebook provided by Project Gutenberg of Australia.,http://gutenberg.net.au/ebooks04/0400181.txt,00330nam  2200085ua 45e0
